"sciname","country","iso3c","wholefish","trimmings","trim_prop","data_source_feed","data_source_fao_area_country","feed_report_spp_name","capture","trash_fish","genus","subfamily","family","order","class","superclass","phylum","kingdom","isscaap_group","common_name"
"okamejei kenojei","China","CHN","yes","no",0,"Greenpeace East Asia 2017",NA,"Okamejei kenojei","yes","yes",NA,NA,NA,NA,NA,NA,NA,NA,NA,"banded stingray (banded skate)"
"gymnothorax reticularis","China","CHN","yes","no",0,"Greenpeace East Asia 2017",NA,"Gymnothorax reticularis","yes","yes",NA,NA,NA,NA,NA,NA,NA,NA,NA,"reticulate moray"
"pisodonophis boro","China","CHN","yes","no",0,"Greenpeace East Asia 2017",NA,"Pisodonophis boro","yes","yes",NA,NA,NA,NA,NA,NA,NA,NA,NA,"omnivorous eel"
"pisodonophis cancrivorus","China","CHN","yes","no",0,"Greenpeace East Asia 2017",NA,"Pisodonophis cancrivorus","yes","yes",NA,NA,NA,NA,NA,NA,NA,NA,NA,"crab-eating eel"
"muraenesox cinereus","China","CHN","yes","no",0,"Greenpeace East Asia 2017",NA,"Muraenesox cinereus","yes","yes","muraenesox",NA,"muraenesocidae","anguilliformes","actinopterygii","osteichthyes","chordata","animalia","Miscellaneous demersal fishes","daggertooth pike conger"
"conger myriaster","China","CHN","yes","no",0,"Greenpeace East Asia 2017",NA,"Conger myriaster","yes","yes","conger","congrinae","congridae","anguilliformes","actinopterygii","osteichthyes","chordata","animalia","Miscellaneous demersal fishes","whitespotted conger"
"ilisha elongata","China","CHN","yes","no",0,"Greenpeace East Asia 2017",NA,"Ilisha elongata","yes","yes","ilisha",NA,"pristigasteridae","clupeiformes","actinopterygii","osteichthyes","chordata","animalia","Shads","elongate ilisha"
"coilia nasus","China","CHN","yes","no",0,"Greenpeace East Asia 2017",NA,"Coilia nasus","yes","yes",NA,NA,NA,NA,NA,NA,NA,NA,NA,"nasus grenadier anchovy"
"coilia mystus","China","CHN","yes","no",0,"Greenpeace East Asia 2017",NA,"Coilia mystus","yes","yes",NA,NA,NA,NA,NA,NA,NA,NA,NA,"mystus grenadier anchovy"
"engraulis japonicus","China","CHN","yes","no",0,"Greenpeace East Asia 2017",NA,"Engraulis japonicus","yes","yes","engraulis","engraulinae","engraulidae","clupeiformes","actinopterygii","osteichthyes","chordata","animalia","Herrings, sardines, anchovies","japanese anchovy"
"setipinna tenuifilis","China","CHN","yes","no",0,"Greenpeace East Asia 2017",NA,"Setipinna tenuifilis","yes","yes",NA,NA,NA,NA,NA,NA,NA,NA,NA,"yellowfin scad"
"konosirus punctatus","China","CHN","yes","no",0,"Greenpeace East Asia 2017",NA,"Konosirus punctatus","yes","yes","konosirus","dorosomatinae","clupeidae","clupeiformes","actinopterygii","osteichthyes","chordata","animalia","Shads","dotted gizzard shad"
"nematalosa nasus","China","CHN","yes","no",0,"Greenpeace East Asia 2017",NA,"Nematalosa nasus","yes","yes","nematalosa","dorosomatinae","clupeidae","clupeiformes","actinopterygii","osteichthyes","chordata","animalia","Shads","bloch's gizzard shad"
"sardinella aurita","China","CHN","yes","no",0,"Greenpeace East Asia 2017",NA,"Sardinella aurita","yes","yes","sardinella","dorosomatinae","clupeidae","clupeiformes","actinopterygii","osteichthyes","chordata","animalia","Herrings, sardines, anchovies","round sardinella"
"arius thalassinus","China","CHN","yes","no",0,"Greenpeace East Asia 2017",NA,"Arius thalassinus","yes","yes",NA,NA,NA,NA,NA,NA,NA,NA,NA,"sea catfish (marine catfish)"
"synodus hoshinonis","China","CHN","yes","no",0,"Greenpeace East Asia 2017",NA,"Synodus hoshinonis","yes","yes",NA,NA,NA,NA,NA,NA,NA,NA,NA,"shoulder spot lizardfish"
"trachinocephalus myops","China","CHN","yes","no",0,"Greenpeace East Asia 2017",NA,"Trachinocephalus myops","yes","yes",NA,NA,NA,NA,NA,NA,NA,NA,NA,"bighead lizardfish"
"saurida tumbil","China","CHN","yes","no",0,"Greenpeace East Asia 2017",NA,"Saurida tumbil","yes","yes","saurida","harpadontinae","synodontidae","aulopiformes","actinopterygii","osteichthyes","chordata","animalia","Miscellaneous coastal fishes","greater lizardfish"
"saurida elongata","China","CHN","yes","no",0,"Greenpeace East Asia 2017",NA,"Saurida elongata","yes","yes",NA,NA,NA,NA,NA,NA,NA,NA,NA,"long-bodied barracuda"
"harpadon nehereus","China","CHN","yes","no",0,"Greenpeace East Asia 2017",NA,"Harpadon nehereus","yes","yes","harpadon","harpadontinae","synodontidae","aulopiformes","actinopterygii","osteichthyes","chordata","animalia","Miscellaneous coastal fishes","bombay-duck"
"lophiomus setigerus","China","CHN","yes","no",0,"Greenpeace East Asia 2017",NA,"Lophiomus setigerus","yes","yes",NA,NA,NA,NA,NA,NA,NA,NA,NA,"black-bellied anglerfish"
"lophius litulon","China","CHN","yes","no",0,"Greenpeace East Asia 2017",NA,"Lophius litulon","yes","yes",NA,NA,NA,NA,NA,NA,NA,NA,NA,"yellow-bellied anglerfish"
"liza carinata","China","CHN","yes","no",0,"Greenpeace East Asia 2017",NA,"Liza carinata","yes","yes",NA,NA,NA,NA,NA,NA,NA,NA,NA,"carinate mullet"
"liza haematocheila","China","CHN","yes","no",0,"Greenpeace East Asia 2017",NA,"Liza haematocheila","yes","yes",NA,NA,NA,NA,NA,NA,NA,NA,NA,"chinese grey mullet"
"hyporhamphus sajori","China","CHN","yes","no",0,"Greenpeace East Asia 2017",NA,"Hyporhamphus sajori","yes","yes","hyporhamphus",NA,"hemiramphidae","beloniformes","actinopterygii","osteichthyes","chordata","animalia","Miscellaneous pelagic fishes","japanese halfbeak"
"trachyrhamphus serratus","China","CHN","yes","no",0,"Greenpeace East Asia 2017",NA,"Trachyrhamphus serratus","yes","yes",NA,NA,NA,NA,NA,NA,NA,NA,NA,"rough-snouted seahorse"
"fistularia commersonii","China","CHN","yes","no",0,"Greenpeace East Asia 2017",NA,"Fistularia commersonii","yes","yes","fistularia",NA,"fistulariidae","syngnathiformes","actinopterygii","osteichthyes","chordata","animalia","Miscellaneous coastal fishes","bluespotted cornetfish"
"sebastes schlegeli","China","CHN","yes","no",0,"Greenpeace East Asia 2017",NA,"Sebastes schlegeli","yes","yes",NA,NA,NA,NA,NA,NA,NA,NA,NA,"schlegel’s rockfish"
"sebastiscus marmoratus","China","CHN","yes","no",0,"Greenpeace East Asia 2017",NA,"Sebastiscus marmoratus","yes","yes",NA,NA,NA,NA,NA,NA,NA,NA,NA,"marbled rockfish"
"chelidonichthys spinosus","China","CHN","yes","no",0,"Greenpeace East Asia 2017",NA,"Chelidonichthys spinosus","yes","yes",NA,NA,NA,NA,NA,NA,NA,NA,NA,"spiny armored gurnard"
"platycephalus indicus","China","CHN","yes","no",0,"Greenpeace East Asia 2017",NA,"Platycephalus indicus","yes","yes","platycephalus",NA,"platycephalidae","perciformes/scorpaenoidei","actinopterygii","osteichthyes","chordata","animalia","Miscellaneous coastal fishes","bartail flathead"
"lateolabrax japonicus","China","CHN","yes","no",0,"Greenpeace East Asia 2017",NA,"Lateolabrax japonicus","yes","yes","lateolabrax",NA,"lateolabracidae","acropomatiformes","actinopterygii","osteichthyes","chordata","animalia","Miscellaneous coastal fishes","japanese seabass"
"pristigenys niphonia","China","CHN","yes","no",0,"Greenpeace East Asia 2017",NA,"Pristigenys niphonia","yes","yes",NA,NA,NA,NA,NA,NA,NA,NA,NA,"japanese sawcheek"
"sillago sihama","China","CHN","yes","no",0,"Greenpeace East Asia 2017",NA,"Sillago sihama","yes","yes","sillago",NA,"sillaginidae","eupercaria/misc","actinopterygii","osteichthyes","chordata","animalia","Miscellaneous coastal fishes","silver sillago"
"sillago japonica","China","CHN","yes","no",0,"Greenpeace East Asia 2017",NA,"Sillago japonica","yes","yes",NA,NA,NA,NA,NA,NA,NA,NA,NA,"japanese sillago"
"branchiostegus japonicus","China","CHN","yes","no",0,"Greenpeace East Asia 2017",NA,"Branchiostegus japonicus","yes","yes","branchiostegus",NA,"latilidae","eupercaria/misc","actinopteri","osteichthyes","chordata","animalia",NA,"horsehead tilefish"
"alepes kleinii","China","CHN","yes","no",0,"Greenpeace East Asia 2017",NA,"Alepes kleinii","yes","yes",NA,NA,NA,NA,NA,NA,NA,NA,NA,"kleins ponyfish"
"alepes djedaba","China","CHN","yes","no",0,"Greenpeace East Asia 2017",NA,"Alepes djedaba","yes","yes","alepes","caranginae","carangidae","carangiformes","actinopterygii","osteichthyes","chordata","animalia","Miscellaneous pelagic fishes","shrimp scad"
"decapterus maruadsi","China","CHN","yes","no",0,"Greenpeace East Asia 2017",NA,"Decapterus maruadsi","yes","yes","decapterus","caranginae","carangidae","carangiformes","actinopterygii","osteichthyes","chordata","animalia","Miscellaneous pelagic fishes","japanese scad"
"trachurus japonicus","China","CHN","yes","no",0,"Greenpeace East Asia 2017",NA,"Trachurus japonicus","yes","yes","trachurus","caranginae","carangidae","carangiformes","actinopterygii","osteichthyes","chordata","animalia","Miscellaneous pelagic fishes","japanese jack mackerel"
"gerres oblongus","China","CHN","yes","no",0,"Greenpeace East Asia 2017",NA,"Gerres oblongus","yes","yes","gerres",NA,"gerreidae","eupercaria/misc","actinopterygii","osteichthyes","chordata","animalia","Miscellaneous coastal fishes","slender silver-biddy"
"gerres filamentosus","China","CHN","yes","no",0,"Greenpeace East Asia 2017",NA,"Gerres filamentosus","yes","yes",NA,NA,NA,NA,NA,NA,NA,NA,NA,"threadfin silver biddy"
"nemipterus virgatus","China","CHN","yes","no",0,"Greenpeace East Asia 2017",NA,"Nemipterus virgatus","yes","yes","nemipterus",NA,"nemipteridae","eupercaria/misc","actinopterygii","osteichthyes","chordata","animalia","Miscellaneous coastal fishes","golden threadfin bream"
"scolopsis vosmeri","China","CHN","yes","no",0,"Greenpeace East Asia 2017",NA,"Scolopsis vosmeri","yes","yes",NA,NA,NA,NA,NA,NA,NA,NA,NA,"vosmer’s spinecheek"
"acanthopagrus schlegelii","China","CHN","yes","no",0,"Greenpeace East Asia 2017",NA,"Acanthopagrus schlegelii","yes","yes","acanthopagrus",NA,"sparidae","eupercaria/misc","actinopterygii","osteichthyes","chordata","animalia","Miscellaneous coastal fishes","blackhead seabream"
"acanthopagrus latus","China","CHN","yes","no",0,"Greenpeace East Asia 2017",NA,"Acanthopagrus latus","yes","yes","acanthopagrus",NA,"sparidae","eupercaria/misc","actinopterygii","osteichthyes","chordata","animalia","Miscellaneous coastal fishes","yellowfin seabream"
"evynnis cardinalis","China","CHN","yes","no",0,"Greenpeace East Asia 2017",NA,"Evynnis cardinalis","yes","yes",NA,NA,NA,NA,NA,NA,NA,NA,NA,"red seabream"
"eleutheronema rhadinum","China","CHN","yes","no",0,"Greenpeace East Asia 2017",NA,"Eleutheronema rhadinum","yes","yes",NA,NA,NA,NA,NA,NA,NA,NA,NA,"fourfinger threadfin"
"polydactylus sexfilis","China","CHN","yes","no",0,"Greenpeace East Asia 2017",NA,"Polydactylus sexfilis","yes","yes","polydactylus",NA,"polynemidae","carangaria/misc","actinopterygii","osteichthyes","chordata","animalia","Miscellaneous coastal fishes","sixfinger threadfin"
"pennahia macrocephalus","China","CHN","yes","no",0,"Greenpeace East Asia 2017",NA,"Pennahia macrocephalus","yes","yes",NA,NA,NA,NA,NA,NA,NA,NA,NA,"bighead pennahia"
"johnius carouna","China","CHN","yes","no",0,"Greenpeace East Asia 2017",NA,"Johnius carouna","yes","yes",NA,NA,NA,NA,NA,NA,NA,NA,NA,"caroun croaker"
"johnius borneensis","China","CHN","yes","no",0,"Greenpeace East Asia 2017",NA,"Johnius borneensis","yes","yes",NA,NA,NA,NA,NA,NA,NA,NA,NA,"bornean croaker"
"johnius distinctus","China","CHN","yes","no",0,"Greenpeace East Asia 2017",NA,"Johnius distinctus","yes","yes",NA,NA,NA,NA,NA,NA,NA,NA,NA,"distinct croaker"
"johnius trewavasae","China","CHN","yes","no",0,"Greenpeace East Asia 2017",NA,"Johnius trewavasae","yes","yes",NA,NA,NA,NA,NA,NA,NA,NA,NA,"trewavas’ croaker"
"johnius grypotus","China","CHN","yes","no",0,"Greenpeace East Asia 2017",NA,"Johnius grypotus","yes","yes",NA,NA,NA,NA,NA,NA,NA,NA,NA,"grayfin croaker"
"atrobucca nibe","China","CHN","yes","no",0,"Greenpeace East Asia 2017",NA,"Atrobucca nibe","yes","yes","atrobucca",NA,"sciaenidae","eupercaria/misc","actinopterygii","osteichthyes","chordata","animalia","Miscellaneous coastal fishes","blackmouth croaker"
"pennahia anea","China","CHN","yes","no",0,"Greenpeace East Asia 2017",NA,"Pennahia anea","yes","yes","pennahia",NA,"sciaenidae","eupercaria/misc","actinopterygii","osteichthyes","chordata","animalia","Miscellaneous coastal fishes","donkey croaker"
"pennahia argentata","China","CHN","yes","no",0,"Greenpeace East Asia 2017",NA,"Pennahia argentata","yes","yes","pennahia",NA,"sciaenidae","eupercaria/misc","actinopterygii","osteichthyes","chordata","animalia","Miscellaneous coastal fishes","silver croaker"
"larimichthys crocea","China","CHN","yes","no",0,"Greenpeace East Asia 2017",NA,"Larimichthys crocea","yes","yes","larimichthys",NA,"sciaenidae","eupercaria/misc","actinopterygii","osteichthyes","chordata","animalia","Miscellaneous coastal fishes","large yellow croaker"
"larimichthys polyactis","China","CHN","yes","no",0,"Greenpeace East Asia 2017",NA,"Larimichthys polyactis","yes","yes","larimichthys",NA,"sciaenidae","eupercaria/misc","actinopterygii","osteichthyes","chordata","animalia","Miscellaneous coastal fishes","yellow croaker"
"chrysochir aureus","China","CHN","yes","no",0,"Greenpeace East Asia 2017",NA,"Chrysochir aureus","yes","yes",NA,NA,NA,NA,NA,NA,NA,NA,NA,"yellowfin tongue sole"
"otolithes ruber","China","CHN","yes","no",0,"Greenpeace East Asia 2017",NA,"Otolithes ruber","yes","yes","otolithes",NA,"sciaenidae","eupercaria/misc","actinopterygii","osteichthyes","chordata","animalia","Miscellaneous coastal fishes","tigertooth croaker"
"dendrophysa russelii","China","CHN","yes","no",0,"Greenpeace East Asia 2017",NA,"Dendrophysa russelii","yes","yes",NA,NA,NA,NA,NA,NA,NA,NA,NA,"russell’s dendrophysa"
"collichthys lucidus","China","CHN","yes","no",0,"Greenpeace East Asia 2017",NA,"Collichthys lucidus","yes","yes",NA,NA,NA,NA,NA,NA,NA,NA,NA,"spiny-headed meitong"
"miichthys miiuy","China","CHN","yes","no",0,"Greenpeace East Asia 2017",NA,"Miichthys miiuy","yes","yes","miichthys",NA,"sciaenidae","eupercaria/misc","actinopterygii","osteichthyes","chordata","animalia","Miscellaneous coastal fishes","mi-iuy (brown) croaker"
"upeneus subvittatus","China","CHN","yes","no",0,"Greenpeace East Asia 2017",NA,"Upeneus subvittatus","yes","yes",NA,NA,NA,NA,NA,NA,NA,NA,NA,"band-striped goatfish"
"upeneus sulphureus","China","CHN","yes","no",0,"Greenpeace East Asia 2017",NA,"Upeneus sulphureus","yes","yes","upeneus",NA,"mullidae","mulliformes","actinopteri","osteichthyes","chordata","animalia",NA,"sulphur goatfish"
"upeneus japonicus","China","CHN","yes","no",0,"Greenpeace East Asia 2017",NA,"Upeneus japonicus","yes","yes",NA,NA,NA,NA,NA,NA,NA,NA,NA,"japanese goatfish"
"terapon jarbua","China","CHN","yes","no",0,"Greenpeace East Asia 2017",NA,"Terapon jarbua","yes","yes","terapon",NA,"terapontidae","centrarchiformes","actinopterygii","osteichthyes","chordata","animalia","Miscellaneous coastal fishes","jarbua terapon"
"oplegnathus fascistus","China","CHN","yes","no",0,"Greenpeace East Asia 2017",NA,"Oplegnathus fascistus","yes","yes",NA,NA,NA,NA,NA,NA,NA,NA,NA,"striped beakperch"
"ammodytes personatus","China","CHN","yes","no",0,"Greenpeace East Asia 2017",NA,"Ammodytes personatus","yes","yes","ammodytes",NA,"ammodytidae","perciformes/uranoscopoidei","actinopterygii","osteichthyes","chordata","animalia","Miscellaneous coastal fishes","pacific sandlance"
"acanthogobius hasta","China","CHN","yes","no",0,"Greenpeace East Asia 2017",NA,"Acanthogobius hasta","yes","yes",NA,NA,NA,NA,NA,NA,NA,NA,NA,"spear-tailed goby"
"siganus fuscescens","China","CHN","yes","no",0,"Greenpeace East Asia 2017",NA,"Siganus fuscescens","yes","yes","siganus",NA,"siganidae","acanthuriformes","actinopterygii","osteichthyes","chordata","animalia","Miscellaneous coastal fishes","mottled spinefoot"
"scomberomorus niphonius","China","CHN","yes","no",0,"Greenpeace East Asia 2017",NA,"Scomberomorus niphonius","yes","yes","scomberomorus","scombrinae","scombridae","scombriformes","actinopterygii","osteichthyes","chordata","animalia","Tunas, bonitos, billfishes","japanese spanish mackerel"
"rastrelliger kanagurta","China","CHN","yes","no",0,"Greenpeace East Asia 2017",NA,"Rastrelliger kanagurta","yes","yes","rastrelliger","scombrinae","scombridae","scombriformes","actinopterygii","osteichthyes","chordata","animalia","Miscellaneous pelagic fishes","indian mackerel"
"scomber japonicus","China","CHN","yes","no",0,"Greenpeace East Asia 2017",NA,"Scomber japonicus","yes","yes","scomber","scombrinae","scombridae","scombriformes","actinopterygii","osteichthyes","chordata","animalia","Miscellaneous pelagic fishes","pacific chub mackerel"
"sphyraena flavicauda","China","CHN","yes","no",0,"Greenpeace East Asia 2017",NA,"Sphyraena flavicauda","yes","yes","sphyraena",NA,"sphyraenidae","carangaria/misc","actinopteri","osteichthyes","chordata","animalia",NA,"yellowtail barracuda"
"trichiurus japonicus","China","CHN","yes","no",0,"Greenpeace East Asia 2017",NA,"Trichiurus japonicus","yes","yes",NA,NA,NA,NA,NA,NA,NA,NA,NA,"japanese hairtail"
"lepturacanthus savala","China","CHN","yes","no",0,"Greenpeace East Asia 2017",NA,"Lepturacanthus savala","yes","yes","lepturacanthus","trichiurinae","trichiuridae","scombriformes","actinopteri","osteichthyes","chordata","animalia",NA,"savalai hairtail"
"eupleurogrammus muticus","China","CHN","yes","no",0,"Greenpeace East Asia 2017",NA,"Eupleurogrammus muticus","yes","yes",NA,NA,NA,NA,NA,NA,NA,NA,NA,"smallhead hairtail"
"psenopsis anomala","China","CHN","yes","no",0,"Greenpeace East Asia 2017",NA,"Psenopsis anomala","yes","yes","psenopsis",NA,"centrolophidae","scombriformes","actinopterygii","osteichthyes","chordata","animalia","Miscellaneous demersal fishes","pacific rudderfish"
"pampus punctatissimus","China","CHN","yes","no",0,"Greenpeace East Asia 2017",NA,"Pampus punctatissimus","yes","yes",NA,NA,NA,NA,NA,NA,NA,NA,NA,"northern silver pomfret"
"pampus argenteus","China","CHN","yes","no",0,"Greenpeace East Asia 2017",NA,"Pampus argenteus","yes","yes","pampus",NA,"stromateidae","scombriformes","actinopterygii","osteichthyes","chordata","animalia","Miscellaneous pelagic fishes","silver pomfret"
"pampus chinensis","China","CHN","yes","no",0,"Greenpeace East Asia 2017",NA,"Pampus chinensis","yes","yes","pampus",NA,"stromateidae","scombriformes","actinopteri","osteichthyes","chordata","animalia",NA,"chinese silver pomfret"
"paralichthys olivaceus","China","CHN","yes","no",0,"Greenpeace East Asia 2017",NA,"Paralichthys olivaceus","yes","yes","paralichthys",NA,"paralichthyidae","pleuronectiformes","actinopterygii","osteichthyes","chordata","animalia","Flounders, halibuts, soles","bastard halibut"
"pseudorhombus cinnamoneus","China","CHN","yes","no",0,"Greenpeace East Asia 2017",NA,"Pseudorhombus cinnamoneus","yes","yes",NA,NA,NA,NA,NA,NA,NA,NA,NA,"cinnamon flounder"
"tanakius kitaharae","China","CHN","yes","no",0,"Greenpeace East Asia 2017",NA,"Tanakius kitaharae","yes","yes",NA,NA,NA,NA,NA,NA,NA,NA,NA,"kitahara flounder"
"pleuronichthys cornutus","China","CHN","yes","no",0,"Greenpeace East Asia 2017",NA,"Pleuronichthys cornutus","yes","yes",NA,NA,NA,NA,NA,NA,NA,NA,NA,"horned flounder"
"zebrias zebra","China","CHN","yes","no",0,"Greenpeace East Asia 2017",NA,"Zebrias zebra","yes","yes",NA,NA,NA,NA,NA,NA,NA,NA,NA,"zebra sole"
"paraplagusia japonica","China","CHN","yes","no",0,"Greenpeace East Asia 2017",NA,"Paraplagusia japonica","yes","yes",NA,NA,NA,NA,NA,NA,NA,NA,NA,"japanese whiskered sole"
"cynoglossus oligolepis","China","CHN","yes","no",0,"Greenpeace East Asia 2017",NA,"Cynoglossus oligolepis","yes","yes",NA,NA,NA,NA,NA,NA,NA,NA,NA,"few-scaled tongue sole"
"cynoglossus trigrammus","China","CHN","yes","no",0,"Greenpeace East Asia 2017",NA,"Cynoglossus trigrammus","yes","yes",NA,NA,NA,NA,NA,NA,NA,NA,NA,"three-lined tongue sole"
"cynoglossus roulei","China","CHN","yes","no",0,"Greenpeace East Asia 2017",NA,"Cynoglossus roulei","yes","yes",NA,NA,NA,NA,NA,NA,NA,NA,NA,"black-gill tongue sole"
"cynoglossus joyneri","China","CHN","yes","no",0,"Greenpeace East Asia 2017",NA,"Cynoglossus joyneri","yes","yes",NA,NA,NA,NA,NA,NA,NA,NA,NA,"joyner's tongue sole"
"stephanolepis cirrhifer","China","CHN","yes","no",0,"Greenpeace East Asia 2017",NA,"Stephanolepis cirrhifer","yes","yes","stephanolepis",NA,"monacanthidae","tetraodontiformes","actinopterygii","osteichthyes","chordata","animalia","Miscellaneous coastal fishes","threadsail filefish"
"thamnaconus hypargyreus","China","CHN","yes","no",0,"Greenpeace East Asia 2017",NA,"Thamnaconus hypargyreus","yes","yes",NA,NA,NA,NA,NA,NA,NA,NA,NA,"yellowfin filefish"
"stolephorus commersoni","China","CHN","yes","no",0,"Greenpeace East Asia 2017",NA,"Stolephorus commersoni","yes","yes",NA,NA,NA,NA,NA,NA,NA,NA,NA,"commerson's anchovy"
"stolephorus indicus","China","CHN","yes","no",0,"Greenpeace East Asia 2017",NA,"Stolephorus indicus","yes","yes","stolephorus","engraulinae","engraulidae","clupeiformes","actinopteri","osteichthyes","chordata","animalia",NA,"indian anchovy"
"thryssa kammalensis","China","CHN","yes","no",0,"Greenpeace East Asia 2017",NA,"Thryssa kammalensis","yes","yes",NA,NA,NA,NA,NA,NA,NA,NA,NA,"red-nosed anchovy"
"thryssa dussumieri","China","CHN","yes","no",0,"Greenpeace East Asia 2017",NA,"Thryssa dussumieri","yes","yes","thryssa","coiliinae","engraulidae","clupeiformes","actinopteri","osteichthyes","chordata","animalia",NA,"dussumier's thryssa"
"thryssa mystax","China","CHN","yes","no",0,"Greenpeace East Asia 2017",NA,"Thryssa mystax","yes","yes",NA,NA,NA,NA,NA,NA,NA,NA,NA,"mystic anchovy"
"thryssa vitrirostris","China","CHN","yes","no",0,"Greenpeace East Asia 2017",NA,"Thryssa vitrirostris","yes","yes",NA,NA,NA,NA,NA,NA,NA,NA,NA,"yellow-lipped anchovy"
"sardinella nymphaea","China","CHN","yes","no",0,"Greenpeace East Asia 2017",NA,"Sardinella nymphaea","yes","yes",NA,NA,NA,NA,NA,NA,NA,NA,NA,"chinese sardine"
"sardinella hualiensis","China","CHN","yes","no",0,"Greenpeace East Asia 2017",NA,"Sardinella hualiensis","yes","yes",NA,NA,NA,NA,NA,NA,NA,NA,NA,"hualien sardine"
"sardinella zunasi","China","CHN","yes","no",0,"Greenpeace East Asia 2017",NA,"Sardinella zunasi","yes","yes","sardinella","dorosomatinae","clupeidae","clupeiformes","actinopterygii","osteichthyes","chordata","animalia","Herrings, sardines, anchovies","japanese sardinella"
"sardinella fimbriata","China","CHN","yes","no",0,"Greenpeace East Asia 2017",NA,"Sardinella fimbriata","yes","yes","sardinella","dorosomatinae","clupeidae","clupeiformes","actinopteri","osteichthyes","chordata","animalia",NA,"fringescale sardinella"
"sardinella jussieu","China","CHN","yes","no",0,"Greenpeace East Asia 2017",NA,"Sardinella jussieu","yes","yes",NA,NA,NA,NA,NA,NA,NA,NA,NA,"jussieu's sardine"
"arius arius","China","CHN","yes","no",0,"Greenpeace East Asia 2017",NA,"Arius arius","yes","yes",NA,NA,NA,NA,NA,NA,NA,NA,NA,"sea catfish"
"plotosus lineatus","China","CHN","yes","no",0,"Greenpeace East Asia 2017",NA,"Plotosus lineatus","yes","yes","plotosus",NA,"plotosidae","siluriformes","actinopteri","osteichthyes","chordata","animalia",NA,"striped eel catfish"
"coelorinchus kamoharai","China","CHN","yes","no",0,"Greenpeace East Asia 2017",NA,"Coelorinchus kamoharai","yes","yes",NA,NA,NA,NA,NA,NA,NA,NA,NA,"kamohara's cusk-eel"
"bregmaceros macclellandii","China","CHN","yes","no",0,"Greenpeace East Asia 2017",NA,"Bregmaceros macclellandii","yes","yes",NA,NA,NA,NA,NA,NA,NA,NA,NA,"macclelland's cusk-eel"
"zeus faber","China","CHN","yes","no",0,"Greenpeace East Asia 2017",NA,"Zeus faber","yes","yes","zeus",NA,"zeidae","zeiformes","actinopterygii","osteichthyes","chordata","animalia","Miscellaneous demersal fishes","john dory"
"pterois volitans","China","CHN","yes","no",0,"Greenpeace East Asia 2017",NA,"Pterois volitans","yes","yes","pterois","pteroinae","scorpaenidae","perciformes/scorpaenoidei","actinopterygii","osteichthyes","chordata","animalia","Miscellaneous demersal fishes","red lionfish"
"scorpaenopsis cirrosa","China","CHN","yes","no",0,"Greenpeace East Asia 2017",NA,"Scorpaenopsis cirrosa","yes","yes",NA,NA,NA,NA,NA,NA,NA,NA,NA,"scorpaenopsis cirrosa"
"apistus carinatus","China","CHN","yes","no",0,"Greenpeace East Asia 2017",NA,"Apistus carinatus","yes","yes",NA,NA,NA,NA,NA,NA,NA,NA,NA,"carinated scorpaenopsis"
"paracentropogon rubripinnis","China","CHN","yes","no",0,"Greenpeace East Asia 2017",NA,"Paracentropogon rubripinnis","yes","yes",NA,NA,NA,NA,NA,NA,NA,NA,NA,"red-finned scorpaenopsis"
"minous monodactylus","China","CHN","yes","no",0,"Greenpeace East Asia 2017",NA,"Minous monodactylus","yes","yes",NA,NA,NA,NA,NA,NA,NA,NA,NA,"monodactylus scad"
"inegocia japonica","China","CHN","yes","no",0,"Greenpeace East Asia 2017",NA,"Inegocia japonica","yes","yes",NA,NA,NA,NA,NA,NA,NA,NA,NA,"japanese pufferfish"
"rogadius asper","China","CHN","yes","no",0,"Greenpeace East Asia 2017",NA,"Rogadius asper","yes","yes",NA,NA,NA,NA,NA,NA,NA,NA,NA,"spiny pufferfish"
"grammoplites scaber","China","CHN","yes","no",0,"Greenpeace East Asia 2017",NA,"Grammoplites scaber","yes","yes",NA,NA,NA,NA,NA,NA,NA,NA,NA,"scad"
"acropoma japonicum","China","CHN","yes","no",0,"Greenpeace East Asia 2017",NA,"Acropoma japonicum","yes","yes",NA,NA,NA,NA,NA,NA,NA,NA,NA,"japanese lightfish"
"doederleinia berycoides","China","CHN","yes","no",0,"Greenpeace East Asia 2017",NA,"Doederleinia berycoides","yes","yes","doederleinia",NA,"acropomatidae","acropomatiformes","actinopterygii","osteichthyes","chordata","animalia","Miscellaneous demersal fishes","blackthroat seaperch"
"acropoma hanedai","China","CHN","yes","no",0,"Greenpeace East Asia 2017",NA,"Acropoma hanedai","yes","yes",NA,NA,NA,NA,NA,NA,NA,NA,NA,"haneda's lightfish"
"ostorhinchus semilineatus","China","CHN","yes","no",0,"Greenpeace East Asia 2017",NA,"Ostorhinchus semilineatus","yes","yes",NA,NA,NA,NA,NA,NA,NA,NA,NA,"semi-lined cardinalfish"
"mene maculata","China","CHN","yes","no",0,"Greenpeace East Asia 2017",NA,"Mene maculata","yes","yes","mene",NA,"menidae","carangaria/misc","actinopterygii","osteichthyes","chordata","animalia","Miscellaneous coastal fishes","moonfish"
"photopectoralis bindus","China","CHN","yes","no",0,"Greenpeace East Asia 2017",NA,"Photopectoralis bindus","yes","yes","photopectoralis","gazzinae","leiognathidae","acanthuriformes","actinopteri","osteichthyes","chordata","animalia",NA,"orangefin ponyfish"
"secutor ruconius","China","CHN","yes","no",0,"Greenpeace East Asia 2017",NA,"Secutor ruconius","yes","yes",NA,NA,NA,NA,NA,NA,NA,NA,NA,"ruconius scad"
"equulites lineolatus","China","CHN","yes","no",0,"Greenpeace East Asia 2017",NA,"Equulites lineolatus","yes","yes",NA,NA,NA,NA,NA,NA,NA,NA,NA,"striped scad"
"leiognathus brevirostris","China","CHN","yes","no",0,"Greenpeace East Asia 2017",NA,"Leiognathus brevirostris","yes","yes",NA,NA,NA,NA,NA,NA,NA,NA,NA,"short-nosed scad"
"leiognathus berbis","China","CHN","yes","no",0,"Greenpeace East Asia 2017",NA,"Leiognathus berbis","yes","yes","leiognathus","leiognathinae","leiognathidae","acanthuriformes","actinopteri","osteichthyes","chordata","animalia",NA,"berbis ponyfish"
"gerres erythrourus","China","CHN","yes","no",0,"Greenpeace East Asia 2017",NA,"Gerres erythrourus","yes","yes",NA,NA,NA,NA,NA,NA,NA,NA,NA,"red-tailed mojarra"
"chaetodon modestus","China","CHN","yes","no",0,"Greenpeace East Asia 2017",NA,"Chaetodon modestus","yes","yes",NA,NA,NA,NA,NA,NA,NA,NA,NA,"modest butterflyfish"
"heniochus chrysostomus","China","CHN","yes","no",0,"Greenpeace East Asia 2017",NA,"Heniochus chrysostomus","yes","yes",NA,NA,NA,NA,NA,NA,NA,NA,NA,"single-spined heniochus"
"callionymus octostigmatus","China","CHN","yes","no",0,"Greenpeace East Asia 2017",NA,"Callionymus octostigmatus","yes","yes",NA,NA,NA,NA,NA,NA,NA,NA,NA,"eight-spotted callionymus"
"glossogobius olivaceus","China","CHN","yes","no",0,"Greenpeace East Asia 2017",NA,"Glossogobius olivaceus","yes","yes",NA,NA,NA,NA,NA,NA,NA,NA,NA,"olive goby"
"trypauchen vagina","China","CHN","yes","no",0,"Greenpeace East Asia 2017",NA,"Trypauchen vagina","yes","yes",NA,NA,NA,NA,NA,NA,NA,NA,NA,"vagina goby"
"amblychaeturichthys hexanema","China","CHN","yes","no",0,"Greenpeace East Asia 2017",NA,"Amblychaeturichthys hexanema","yes","yes",NA,NA,NA,NA,NA,NA,NA,NA,NA,"six-threaded goby"
"chaeturichthys stigmatias","China","CHN","yes","no",0,"Greenpeace East Asia 2017",NA,"Chaeturichthys stigmatias","yes","yes",NA,NA,NA,NA,NA,NA,NA,NA,NA,"stigmatias goby"
"japonolaeops dentatus","China","CHN","yes","no",0,"Greenpeace East Asia 2017",NA,"Japonolaeops dentatus","yes","yes",NA,NA,NA,NA,NA,NA,NA,NA,NA,"japanese left-eyed flounder"
"samaris cristatus","China","CHN","yes","no",0,"Greenpeace East Asia 2017",NA,"Samaris cristatus","yes","yes",NA,NA,NA,NA,NA,NA,NA,NA,NA,"crest flounder"
"aesopia cornuta","China","CHN","yes","no",0,"Greenpeace East Asia 2017",NA,"Aesopia cornuta","yes","yes",NA,NA,NA,NA,NA,NA,NA,NA,NA,"horned sole"
"solea ovata","China","CHN","yes","no",0,"Greenpeace East Asia 2017",NA,"Solea ovata","yes","yes",NA,NA,NA,NA,NA,NA,NA,NA,NA,"oval sole"
"cynoglossus puncticeps","China","CHN","yes","no",0,"Greenpeace East Asia 2017",NA,"Cynoglossus puncticeps","yes","yes",NA,NA,NA,NA,NA,NA,NA,NA,NA,"punctate tongue sole"
"scoliodon macrorhynchos","China","CHN","yes","no",0,"Greenpeace East Asia 2017",NA,"Scoliodon macrorhynchos","yes","yes",NA,NA,NA,NA,NA,NA,NA,NA,NA,"bigmouth spadenose shark"
"okamejei boesemani","China","CHN","yes","no",0,"Greenpeace East Asia 2017",NA,"Okamejei boesemani","yes","yes",NA,NA,NA,NA,NA,NA,NA,NA,NA,"boeseman's skate"
"moringua macrocephalus","China","CHN","yes","no",0,"Greenpeace East Asia 2017",NA,"Moringua macrocephalus","yes","yes",NA,NA,NA,NA,NA,NA,NA,NA,NA,"bigheaded eel"
"dysomma melanurum","China","CHN","yes","no",0,"Greenpeace East Asia 2017",NA,"Dysomma melanurum","yes","yes",NA,NA,NA,NA,NA,NA,NA,NA,NA,"black-tailed eel"
"ophichthus apicalis","China","CHN","yes","no",0,"Greenpeace East Asia 2017",NA,"Ophichthus apicalis","yes","yes",NA,NA,NA,NA,NA,NA,NA,NA,NA,"sharp-nosed eel"
"gnathophis heterognathos","China","CHN","yes","no",0,"Greenpeace East Asia 2017",NA,"Gnathophis heterognathos","yes","yes",NA,NA,NA,NA,NA,NA,NA,NA,NA,"heterognathous eel"
"gnathophis nystromi","China","CHN","yes","no",0,"Greenpeace East Asia 2017",NA,"Gnathophis nystromi","yes","yes",NA,NA,NA,NA,NA,NA,NA,NA,NA,"nystrom's eel"
"ariosoma anago","China","CHN","yes","no",0,"Greenpeace East Asia 2017",NA,"Ariosoma anago","yes","yes",NA,NA,NA,NA,NA,NA,NA,NA,NA,"common eel"
"rhynchoconger ectenurus","China","CHN","yes","no",0,"Greenpeace East Asia 2017",NA,"Rhynchoconger ectenurus","yes","yes",NA,NA,NA,NA,NA,NA,NA,NA,NA,"black-tailed conger"
"saurenchelys fierasfer","China","CHN","yes","no",0,"Greenpeace East Asia 2017",NA,"Saurenchelys fierasfer","yes","yes",NA,NA,NA,NA,NA,NA,NA,NA,NA,"line-tailed eel"
"ilisha melastoma","China","CHN","yes","no",0,"Greenpeace East Asia 2017",NA,"Ilisha melastoma","yes","yes",NA,NA,NA,NA,NA,NA,NA,NA,NA,"blackmouth ilisha"
"antennarius striatus","China","CHN","yes","no",0,"Greenpeace East Asia 2017",NA,"Antennarius striatus","yes","yes",NA,NA,NA,NA,NA,NA,NA,NA,NA,"striped frogfish"
"oedalechilus labeo","China","CHN","yes","no",0,"Greenpeace East Asia 2017",NA,"Oedalechilus labeo","yes","yes","oedalechilus",NA,"mugilidae","mugiliformes","actinopterygii","osteichthyes","chordata","animalia","Miscellaneous coastal fishes","boxlip mullet"
"dendrochirus bellus","China","CHN","yes","no",0,"Greenpeace East Asia 2017",NA,"Dendrochirus bellus","yes","yes",NA,NA,NA,NA,NA,NA,NA,NA,NA,"beautiful shortfin scad"
"erisphex simplex","China","CHN","yes","no",0,"Greenpeace East Asia 2017",NA,"Erisphex simplex","yes","yes",NA,NA,NA,NA,NA,NA,NA,NA,NA,"smooth erisphex"
"erisphex pottii","China","CHN","yes","no",0,"Greenpeace East Asia 2017",NA,"Erisphex pottii","yes","yes",NA,NA,NA,NA,NA,NA,NA,NA,NA,"pott's erisphex"
"aploactis aspera","China","CHN","yes","no",0,"Greenpeace East Asia 2017",NA,"Aploactis aspera","yes","yes",NA,NA,NA,NA,NA,NA,NA,NA,NA,"rough scad"
"lepidotrigla alata","China","CHN","yes","no",0,"Greenpeace East Asia 2017",NA,"Lepidotrigla alata","yes","yes",NA,NA,NA,NA,NA,NA,NA,NA,NA,"alata lepidotrigla"
"cociella crocodilus","China","CHN","yes","no",0,"Greenpeace East Asia 2017",NA,"Cociella crocodilus","yes","yes",NA,NA,NA,NA,NA,NA,NA,NA,NA,"crocodile eel"
"hoplichthys langsdorfii","China","CHN","yes","no",0,"Greenpeace East Asia 2017",NA,"Hoplichthys langsdorfii","yes","yes",NA,NA,NA,NA,NA,NA,NA,NA,NA,"langsdorff's hoplichthys"
"pseudanthias rubrizonatus","China","CHN","yes","no",0,"Greenpeace East Asia 2017",NA,"Pseudanthias rubrizonatus","yes","yes",NA,NA,NA,NA,NA,NA,NA,NA,NA,"rubrizonatus anthias"
"apogon quadrifasciatus","China","CHN","yes","no",0,"Greenpeace East Asia 2017",NA,"Apogon quadrifasciatus","yes","yes",NA,NA,NA,NA,NA,NA,NA,NA,NA,"four-lined apogon"
"ostorhinchus pleuron","China","CHN","yes","no",0,"Greenpeace East Asia 2017",NA,"Ostorhinchus pleuron","yes","yes",NA,NA,NA,NA,NA,NA,NA,NA,NA,"lateral-banded cardinalfish"
"ostorhinchus kiensis","China","CHN","yes","no",0,"Greenpeace East Asia 2017",NA,"Ostorhinchus kiensis","yes","yes",NA,NA,NA,NA,NA,NA,NA,NA,NA,"midline cardinalfish"
"ostorhinchus fasciatus","China","CHN","yes","no",0,"Greenpeace East Asia 2017",NA,"Ostorhinchus fasciatus","yes","yes",NA,NA,NA,NA,NA,NA,NA,NA,NA,"broad-barred cardinalfish"
"jaydia carinatus","China","CHN","yes","no",0,"Greenpeace East Asia 2017",NA,"Jaydia carinatus","yes","yes",NA,NA,NA,NA,NA,NA,NA,NA,NA,"one-spotted snapper"
"jaydia ellioti","China","CHN","yes","no",0,"Greenpeace East Asia 2017",NA,"Jaydia ellioti","yes","yes",NA,NA,NA,NA,NA,NA,NA,NA,NA,"black-edged snapper"
"jaydia lineata","China","CHN","yes","no",0,"Greenpeace East Asia 2017",NA,"Jaydia lineata","yes","yes",NA,NA,NA,NA,NA,NA,NA,NA,NA,"fine-striped snapper"
"equulites rivulatus","China","CHN","yes","no",0,"Greenpeace East Asia 2017",NA,"Equulites rivulatus","yes","yes",NA,NA,NA,NA,NA,NA,NA,NA,NA,"barred mackerel"
"gerres japonicus","China","CHN","yes","no",0,"Greenpeace East Asia 2017",NA,"Gerres japonicus","yes","yes",NA,NA,NA,NA,NA,NA,NA,NA,NA,"japanese silver perch"
"johnius sp.","China","CHN","yes","no",0,"Greenpeace East Asia 2017",NA,"Johnius sp.","yes","yes",NA,NA,NA,NA,NA,NA,NA,NA,NA,"taiwan callionymus*"
"cepola schlegelii","China","CHN","yes","no",0,"Greenpeace East Asia 2017",NA,"Cepola schlegelii","yes","yes",NA,NA,NA,NA,NA,NA,NA,NA,NA,"indian spiny-headed redfish"
"suezichthys gracilis","China","CHN","yes","no",0,"Greenpeace East Asia 2017",NA,"Suezichthys gracilis","yes","yes",NA,NA,NA,NA,NA,NA,NA,NA,NA,"elongated suezichthys"
"teixeirichthys jordani","China","CHN","yes","no",0,"Greenpeace East Asia 2017",NA,"Teixeirichthys jordani","yes","yes",NA,NA,NA,NA,NA,NA,NA,NA,NA,"jordan's teixeirichthys"
"champsodon atridorsalis","China","CHN","yes","no",0,"Greenpeace East Asia 2017",NA,"Champsodon atridorsalis","yes","yes",NA,NA,NA,NA,NA,NA,NA,NA,NA,"curved-back champsodon"
"parapercis sexfasciata","China","CHN","yes","no",0,"Greenpeace East Asia 2017",NA,"Parapercis sexfasciata","yes","yes",NA,NA,NA,NA,NA,NA,NA,NA,NA,"six-banded parapercis"
"parapercis ommatura","China","CHN","yes","no",0,"Greenpeace East Asia 2017",NA,"Parapercis ommatura","yes","yes",NA,NA,NA,NA,NA,NA,NA,NA,NA,"eye-spotted parapercis"
"bembrops curvatura","China","CHN","yes","no",0,"Greenpeace East Asia 2017",NA,"Bembrops curvatura","yes","yes",NA,NA,NA,NA,NA,NA,NA,NA,NA,"curved bembrops"
"bleekeria viridianguilla","China","CHN","yes","no",0,"Greenpeace East Asia 2017",NA,"Bleekeria viridianguilla","yes","yes",NA,NA,NA,NA,NA,NA,NA,NA,NA,"green bleekeria"
"uranoscopus japonicus","China","CHN","yes","no",0,"Greenpeace East Asia 2017",NA,"Uranoscopus japonicus","yes","yes",NA,NA,NA,NA,NA,NA,NA,NA,NA,"japanese stargazer"
"uranoscopus oligolepis","China","CHN","yes","no",0,"Greenpeace East Asia 2017",NA,"Uranoscopus oligolepis","yes","yes",NA,NA,NA,NA,NA,NA,NA,NA,NA,"few-scaled stargazer"
"uranoscopus chinensis","China","CHN","yes","no",0,"Greenpeace East Asia 2017",NA,"Uranoscopus chinensis","yes","yes",NA,NA,NA,NA,NA,NA,NA,NA,NA,"chinese stargazer"
"xenocephalus elongatus","China","CHN","yes","no",0,"Greenpeace East Asia 2017",NA,"Xenocephalus elongatus","yes","yes",NA,NA,NA,NA,NA,NA,NA,NA,NA,"blue stargazer"
"petroscirtes mitratus","China","CHN","yes","no",0,"Greenpeace East Asia 2017",NA,"Petroscirtes mitratus","yes","yes",NA,NA,NA,NA,NA,NA,NA,NA,NA,"jumping rockblenny"
"pholis fangi","China","CHN","yes","no",0,"Greenpeace East Asia 2017",NA,"Pholis fangi","yes","yes",NA,NA,NA,NA,NA,NA,NA,NA,NA,"fang's pholis"
"pholis nebulosa","China","CHN","yes","no",0,"Greenpeace East Asia 2017",NA,"Pholis nebulosa","yes","yes",NA,NA,NA,NA,NA,NA,NA,NA,NA,"cloudy pholis"
"callioonymus olidus","China","CHN","yes","no",0,"Greenpeace East Asia 2017",NA,"Callioonymus olidus","yes","yes",NA,NA,NA,NA,NA,NA,NA,NA,NA,"odorous callionymus"
"callionymus rivatoni","China","CHN","yes","no",0,"Greenpeace East Asia 2017",NA,"Callionymus rivatoni","yes","yes",NA,NA,NA,NA,NA,NA,NA,NA,NA,"li's callionymus"
"diplogrammus xenicus","China","CHN","yes","no",0,"Greenpeace East Asia 2017",NA,"Diplogrammus xenicus","yes","yes",NA,NA,NA,NA,NA,NA,NA,NA,NA,"strange double-line callionymus"
"callionymus japonicus","China","CHN","yes","no",0,"Greenpeace East Asia 2017",NA,"Callionymus japonicus","yes","yes",NA,NA,NA,NA,NA,NA,NA,NA,NA,"japanese callionymus"
"callionymus virgis","China","CHN","yes","no",0,"Greenpeace East Asia 2017",NA,"Callionymus virgis","yes","yes",NA,NA,NA,NA,NA,NA,NA,NA,NA,"silkfin goby"
"callionymus curvicornis","China","CHN","yes","no",0,"Greenpeace East Asia 2017",NA,"Callionymus curvicornis","yes","yes",NA,NA,NA,NA,NA,NA,NA,NA,NA,"curved-spined goby"
"butis koilomatodon","China","CHN","yes","no",0,"Greenpeace East Asia 2017",NA,"Butis koilomatodon","yes","yes",NA,NA,NA,NA,NA,NA,NA,NA,NA,"sawspine mudskipper"
"acentrogobius caninus","China","CHN","yes","no",0,"Greenpeace East Asia 2017",NA,"Acentrogobius caninus","yes","yes",NA,NA,NA,NA,NA,NA,NA,NA,NA,"canine-spined goby"
"oxyurichthys papuensis","China","CHN","yes","no",0,"Greenpeace East Asia 2017",NA,"Oxyurichthys papuensis","yes","yes",NA,NA,NA,NA,NA,NA,NA,NA,NA,"papua goby"
"parachaeturichthys polynema","China","CHN","yes","no",0,"Greenpeace East Asia 2017",NA,"Parachaeturichthys polynema","yes","yes",NA,NA,NA,NA,NA,NA,NA,NA,NA,"many-bearded parachthys"
"synechogobius ommaturus","China","CHN","yes","no",0,"Greenpeace East Asia 2017",NA,"Synechogobius ommaturus","yes","yes",NA,NA,NA,NA,NA,NA,NA,NA,NA,"spotted spiny goby"
"odontamblyopus lacepedii","China","CHN","yes","no",0,"Greenpeace East Asia 2017",NA,"Odontamblyopus lacepedii","yes","yes",NA,NA,NA,NA,NA,NA,NA,NA,NA,"lacepede's wolf goby"
"myersina filifer","China","CHN","yes","no",0,"Greenpeace East Asia 2017",NA,"Myersina filifer","yes","yes",NA,NA,NA,NA,NA,NA,NA,NA,NA,"long-finned myersina"
"tridentiger barbatus","China","CHN","yes","no",0,"Greenpeace East Asia 2017",NA,"Tridentiger barbatus","yes","yes",NA,NA,NA,NA,NA,NA,NA,NA,NA,"whiskered tridentiger"
"tridentiger trigonocephalus","China","CHN","yes","no",0,"Greenpeace East Asia 2017",NA,"Tridentiger trigonocephalus","yes","yes",NA,NA,NA,NA,NA,NA,NA,NA,NA,"patterned tridentiger"
"taenioides cirratus","China","CHN","yes","no",0,"Greenpeace East Asia 2017",NA,"Taenioides cirratus","yes","yes",NA,NA,NA,NA,NA,NA,NA,NA,NA,"whiskered eel goby"
"crossorhombus azureus","China","CHN","yes","no",0,"Greenpeace East Asia 2017",NA,"Crossorhombus azureus","yes","yes",NA,NA,NA,NA,NA,NA,NA,NA,NA,"blue crossorhombus"
"psettina filimanus","China","CHN","yes","no",0,"Greenpeace East Asia 2017",NA,"Psettina filimanus","yes","yes",NA,NA,NA,NA,NA,NA,NA,NA,NA,"silk-fingered psettina"
"arnoglossus tenuis","China","CHN","yes","no",0,"Greenpeace East Asia 2017",NA,"Arnoglossus tenuis","yes","yes",NA,NA,NA,NA,NA,NA,NA,NA,NA,"sheep's tongue flatfish"
"aseraggodes kobensis","China","CHN","yes","no",0,"Greenpeace East Asia 2017",NA,"Aseraggodes kobensis","yes","yes",NA,NA,NA,NA,NA,NA,NA,NA,NA,"brown-spotted scaldfish"
"cynoglossus sibogae","China","CHN","yes","no",0,"Greenpeace East Asia 2017",NA,"Cynoglossus sibogae","yes","yes",NA,NA,NA,NA,NA,NA,NA,NA,NA,"western tongue sole"
"cynoglossus gracilis","China","CHN","yes","no",0,"Greenpeace East Asia 2017",NA,"Cynoglossus gracilis","yes","yes",NA,NA,NA,NA,NA,NA,NA,NA,NA,"narrow-bodied tongue sole"
"paramonacanthus sulcatus","China","CHN","yes","no",0,"Greenpeace East Asia 2017",NA,"Paramonacanthus sulcatus","yes","yes",NA,NA,NA,NA,NA,NA,NA,NA,NA,"velvet-lined pufferfish"
"takifugu alboplumbeus","China","CHN","yes","no",0,"Greenpeace East Asia 2017",NA,"Takifugu alboplumbeus","yes","yes",NA,NA,NA,NA,NA,NA,NA,NA,NA,"lead-spotted pufferfish"
"takifugu oblongus","China","CHN","yes","no",0,"Greenpeace East Asia 2017",NA,"Takifugu oblongus","yes","yes",NA,NA,NA,NA,NA,NA,NA,NA,NA,"striped pufferfish"
"takifugu xanthopterus","China","CHN","yes","no",0,"Greenpeace East Asia 2017",NA,"Takifugu xanthopterus","yes","yes",NA,NA,NA,NA,NA,NA,NA,NA,NA,"yellowfin pufferfish"
"takifugu niphobles","China","CHN","yes","no",0,"Greenpeace East Asia 2017",NA,"Takifugu niphobles","yes","yes",NA,NA,NA,NA,NA,NA,NA,NA,NA,"starry pufferfish"
"lagocephalus wheeleri","China","CHN","yes","no",0,"Greenpeace East Asia 2017",NA,"Lagocephalus wheeleri","yes","yes",NA,NA,NA,NA,NA,NA,NA,NA,NA,"wheeler's rabbitfish"
"canthigaster rivulata","China","CHN","yes","no",0,"Greenpeace East Asia 2017",NA,"Canthigaster rivulata","yes","yes",NA,NA,NA,NA,NA,NA,NA,NA,NA,"watermark pygmy pufferfish"
"miyakea nepa","China","CHN","yes","no",0,"Greenpeace East Asia 2017",NA,"Miyakea nepa","yes","yes",NA,NA,NA,NA,NA,NA,NA,NA,NA,"long-tailed mantis shrimp"
"oratosquilla oratoria","China","CHN","yes","no",0,"Greenpeace East Asia 2017",NA,"Oratosquilla oratoria","yes","yes","oratosquilla",NA,"squillidae","stomatopoda","malacostraca",NA,"arthropoda","animalia",NA,"japanese squillid mantis shrimp"
"oratosquillina interrupta","China","CHN","yes","no",0,"Greenpeace East Asia 2017",NA,"Oratosquillina interrupta","yes","yes",NA,NA,NA,NA,NA,NA,NA,NA,NA,"broken-back shrimp"
"oratosquillina asiatica","China","CHN","yes","no",0,"Greenpeace East Asia 2017",NA,"Oratosquillina asiatica","yes","yes",NA,NA,NA,NA,NA,NA,NA,NA,NA,"asian shrimp"
"lophosquilla costata","China","CHN","yes","no",0,"Greenpeace East Asia 2017",NA,"Lophosquilla costata","yes","yes",NA,NA,NA,NA,NA,NA,NA,NA,NA,"spine-backed shrimp"
"anchisquilla fasciata","China","CHN","yes","no",0,"Greenpeace East Asia 2017",NA,"Anchisquilla fasciata","yes","yes",NA,NA,NA,NA,NA,NA,NA,NA,NA,"striped-tail shrimp"
"solenocera crassicornis","China","CHN","yes","no",0,"Greenpeace East Asia 2017",NA,"Solenocera crassicornis","yes","yes","solenocera",NA,"solenoceridae","decapoda","malacostraca",NA,"arthropoda","animalia",NA,"coastal mud shrimp"
"metapenaeus joyneri","China","CHN","yes","no",0,"Greenpeace East Asia 2017",NA,"Metapenaeus joyneri","yes","yes","metapenaeus",NA,"penaeidae","decapoda","malacostraca",NA,"arthropoda","animalia","Shrimps, prawns","shiba shrimp"
"parapenaeopsis hardwickii","China","CHN","yes","no",0,"Greenpeace East Asia 2017",NA,"Parapenaeopsis hardwickii","yes","yes","parapenaeopsis",NA,"penaeidae","decapoda","malacostraca",NA,"arthropoda","animalia",NA,"spear shrimp"
"parapenaeopsis tenella","China","CHN","yes","no",0,"Greenpeace East Asia 2017",NA,"Parapenaeopsis tenella","yes","yes",NA,NA,NA,NA,NA,NA,NA,NA,NA,"elegant pseudocycus shrimp"
"parapenaeopsis cornuta","China","CHN","yes","no",0,"Greenpeace East Asia 2017",NA,"Parapenaeopsis cornuta","yes","yes",NA,NA,NA,NA,NA,NA,NA,NA,NA,"horned pseudocycus shrimp"
"atypopenaeus stenodactylus","China","CHN","yes","no",0,"Greenpeace East Asia 2017",NA,"Atypopenaeus stenodactylus","yes","yes",NA,NA,NA,NA,NA,NA,NA,NA,NA,"flat-footed pseudocycus shrimp"
"trachypenaeus curvirostris","China","CHN","yes","no",0,"Greenpeace East Asia 2017",NA,"Trachypenaeus curvirostris","yes","yes",NA,NA,NA,NA,NA,NA,NA,NA,NA,"eagle-clawed shrimp"
"metapenaeopsis barbata","China","CHN","yes","no",0,"Greenpeace East Asia 2017",NA,"Metapenaeopsis barbata","yes","yes",NA,NA,NA,NA,NA,NA,NA,NA,NA,"bearded pseudocycus shrimp"
"acetes chinensis","China","CHN","yes","no",0,"Greenpeace East Asia 2017",NA,"Acetes chinensis","yes","yes",NA,NA,NA,NA,NA,NA,NA,NA,NA,"chinese hairy shrimp"
"alpheus japonicus","China","CHN","yes","no",0,"Greenpeace East Asia 2017",NA,"Alpheus japonicus","yes","yes",NA,NA,NA,NA,NA,NA,NA,NA,NA,"japanese mantis shrimp"
"alpheus distinguendus","China","CHN","yes","no",0,"Greenpeace East Asia 2017",NA,"Alpheus distinguendus","yes","yes",NA,NA,NA,NA,NA,NA,NA,NA,NA,"distinct mantis shrimp"
"alpheus brevicristatus","China","CHN","yes","no",0,"Greenpeace East Asia 2017",NA,"Alpheus brevicristatus","yes","yes",NA,NA,NA,NA,NA,NA,NA,NA,NA,"short-spined mantis shrimp"
"exopalaemon carinicouda","China","CHN","yes","no",0,"Greenpeace East Asia 2017",NA,"Exopalaemon carinicouda","yes","yes",NA,NA,NA,NA,NA,NA,NA,NA,NA,"spine-tailed white shrimp"
"exopalaemon annandalei","China","CHN","yes","no",0,"Greenpeace East Asia 2017",NA,"Exopalaemon annandalei","yes","yes",NA,NA,NA,NA,NA,NA,NA,NA,NA,"annes' white shrimp"
"palaemon tenuidactylus","China","CHN","yes","no",0,"Greenpeace East Asia 2017",NA,"Palaemon tenuidactylus","yes","yes",NA,NA,NA,NA,NA,NA,NA,NA,NA,"slender long-arm shrimp"
"palaemon pacificus","China","CHN","yes","no",0,"Greenpeace East Asia 2017",NA,"Palaemon pacificus","yes","yes",NA,NA,NA,NA,NA,NA,NA,NA,NA,"pacific long-arm shrimp"
"palaemon gravieri","China","CHN","yes","no",0,"Greenpeace East Asia 2017",NA,"Palaemon gravieri","yes","yes",NA,NA,NA,NA,NA,NA,NA,NA,NA,"ge's long-arm shrimp"
