"country","sciname","aquaculture","trim_prop","common_name","wholefish","trimmings","data_source_feed","data_source_fao_area_country","feed_report_spp_name","trash_fish","capture","source_country_iso3c"
"Argentina","artemesia longinaris","no",1,"argentine stiletto shrimp","no","yes","Shea et al. 2025",NA,"shrimp","no","yes","ARG"
"Argentina","pleoticus muelleri","no",1,"argentine red shrimp","no","yes","Shea et al. 2025",NA,"shrimp","no","yes","ARG"
"Australia","scomber scombrus","no",0,"mackerel","yes","no","Shea et al. 2025",NA,"mackerel","no","yes","AUS"
"Canada","cetengraulis mysticetus","no",1,"pacific anchoveta","no","yes","Shea et al. 2025",NA,"pacific anchoveta","no","yes","CAN"
"Canada","chloroscombrus orqueta","no",1,"pacific bumper","no","yes","Shea et al. 2025",NA,"pacific bumper","no","yes","CAN"
"Canada","clupea harengus","no",1,"sardine","no","yes","Shea et al. 2025",NA,"sardine","no","yes","CAN"
"Canada","clupea pallasii","no",1,"pacific herring","no","yes","Shea et al. 2025",NA,"pacific herring","no","yes","CAN"
"Canada","engraulis mordax","no",1,"anchovy","no","yes","Shea et al. 2025",NA,"anchovy","no","yes","CAN"
"Canada","oncorhynchus gorbuscha","no",1,"pink(=humpback) salmon","no","yes","Shea et al. 2025",NA,"salmon","no","yes","CAN"
"Canada","oncorhynchus keta","no",1,"chum(=keta=dog) salmon","no","yes","Shea et al. 2025",NA,"salmon","no","yes","CAN"
"Canada","oncorhynchus kisutch","no",1,"coho(=silver) salmon","no","yes","Shea et al. 2025",NA,"salmon","no","yes","CAN"
"Canada","oncorhynchus mykiss","no",1,"rainbow trout","no","yes","Shea et al. 2025",NA,"salmon","no","yes","CAN"
"Canada","oncorhynchus nerka","no",1,"sockeye(=red) salmon","no","yes","Shea et al. 2025",NA,"salmon","no","yes","CAN"
"Canada","oncorhynchus tshawytscha","no",1,"chinook(=spring=king) salmon","no","yes","Shea et al. 2025",NA,"salmon","no","yes","CAN"
"Canada","scomber japonicus","no",1,"chub mackerel","no","yes","Shea et al. 2025",NA,"chub mackerel","no","yes","CAN"
"Canada","scomber scombrus","no",1,"mackerel","no","yes","Shea et al. 2025",NA,"mackerel","no","yes","CAN"
"Canada","selene peruviana","no",1,"peruvian moonfish","no","yes","Shea et al. 2025",NA,"peruvian moonfish","no","yes","CAN"
"Canada","thunnus alalunga","no",1,"albacore tuna","no","yes","Shea et al. 2025",NA,"albacore tuna","no","yes","CAN"
"Canada","thunnus albacares","no",1,"yellowfin tuna","no","yes","Shea et al. 2025",NA,"yellowfin tuna","no","yes","CAN"
"Canada","thunnus obesus","no",1,"bigeye tuna","no","yes","Shea et al. 2025",NA,"bigeye tuna","no","yes","CAN"
"Chile","engraulis ringens","no",0.2,"anchoveta","yes","no","Shea et al. 2025",NA,"anchoveta","no","yes","CHL"
"Chile","engraulis ringens","no",0.2,"anchovy","no","yes","Shea et al. 2025",NA,"anchovy","no","yes","CHL"
"Chile","engraulis ringens","no",0.2,"anchovy","yes","no","Shea et al. 2025",NA,"anchovy","no","yes","CHL"
"Chile","engraulis ringens","no",0.2,"araucanian herring","yes","no","Shea et al. 2025",NA,"araucanian herring","no","yes","CHL"
"Chile","engraulis ringens","no",0.2,"chilean anchovy","yes","no","Shea et al. 2025",NA,"chilean anchovy","no","yes","CHL"
"Chile","euphausia superba","no",0,"antarctic krill","yes","no","Shea et al. 2025",NA,"krill","no","yes","CHL"
"Chile","oncorhynchus kisutch","no",1,"coho salmon","no","yes","Shea et al. 2025",NA,"coho salmon","no","yes","CHL"
"Chile","oncorhynchus kisutch","yes",1,"chile coho salmon","no","yes","Shea et al. 2025",NA,"chile coho salmon","no","no","CHL"
"Chile","oncorhynchus kisutch","yes",1,"coho salmon","no","yes","Shea et al. 2025",NA,"coho salmon","no","no","CHL"
"Chile","oncorhynchus kisutch","yes",1,"coho(=silver) salmon","no","yes","Shea et al. 2025",NA,"salmon","no","no","CHL"
"Chile","oncorhynchus mykiss","yes",1,"chile rainbow trout","no","yes","Shea et al. 2025",NA,"chile rainbow trout","no","no","CHL"
"Chile","oncorhynchus mykiss","yes",1,"rainbow trout","no","yes","Shea et al. 2025",NA,"rainbow trout","no","no","CHL"
"Chile","oncorhynchus nerka","no",1,"sockeye salmon","no","yes","Shea et al. 2025",NA,"sockeye salmon","no","yes","CHL"
"Chile","oncorhynchus tshawytscha","yes",1,"chinook(=spring=king) salmon","no","yes","Shea et al. 2025",NA,"salmon","no","no","CHL"
"Chile","salmo salar","yes",1,"atlantic salmon","no","yes","Shea et al. 2025",NA,"salmon, atlantic salmon","no","no","CHL"
"Chile","strangomera bentincki","no",0.25,"anchovy","yes","no","Shea et al. 2025",NA,"anchovy","no","yes","CHL"
"Chile","strangomera bentincki","no",0.25,"araucanian herring","no","yes","Shea et al. 2025",NA,"araucanian herring","no","yes","CHL"
"Chile","strangomera bentincki","no",0.25,"araucanian herring","yes","no","Shea et al. 2025",NA,"araucanian herring","no","yes","CHL"
"Chile","strangomera bentincki","no",0.25,"chilean sardine","yes","no","Shea et al. 2025",NA,"chilean sardine","no","yes","CHL"
"Chile","trachurus murphyi","no",0.6,"chilean jack mackerel","no","yes","Shea et al. 2025",NA,"chilean jack mackerel","no","yes","CHL"
"Chile","trachurus murphyi","no",0.6,"chilean jack mackerel","yes","no","Shea et al. 2025",NA,"chilean jack mackerel","no","yes","CHL"
"Chile","trachurus murphyi","no",0.6,"jack mackerel","no","yes","Shea et al. 2025",NA,"jack mackerel","no","yes","CHL"
"Chile","trachurus murphyi","no",0.6,"jack mackerel","yes","no","Shea et al. 2025",NA,"jack mackerel","no","yes","CHL"
"Chile","trachurus murphyi","no",0.6,"jack mackerel/jurel","no","yes","Shea et al. 2025",NA,"jack mackerel/jurel","no","yes","CHL"
"Costa Rica","alopias vulpinus","no",1,"thresher","no","yes","Shea et al. 2025",NA,"fish","no","yes","CRI"
"Costa Rica","carcharhinus limbatus","no",1,"blacktip shark","no","yes","Shea et al. 2025",NA,"fish","no","yes","CRI"
"Costa Rica","coryphaena hippurus","no",1,"common dolphinfish","no","yes","Shea et al. 2025",NA,"fish","no","yes","CRI"
"Costa Rica","farfantepenaeus brevirostris","no",1,"crystal shrimp","no","yes","Shea et al. 2025",NA,"shrimp","no","yes","CRI"
"Costa Rica","farfantepenaeus californiensis","no",1,"yellowleg shrimp","no","yes","Shea et al. 2025",NA,"shrimp","no","yes","CRI"
"Costa Rica","istiophoridae","no",1,"marlins,sailfishes,etc. nei","no","yes","Shea et al. 2025",NA,"fish","no","yes","CRI"
"Costa Rica","istiophorus platypterus","no",1,"indo-pacific sailfish","no","yes","Shea et al. 2025",NA,"fish","no","yes","CRI"
"Costa Rica","kajikia audax","no",1,"striped marlin","no","yes","Shea et al. 2025",NA,"fish","no","yes","CRI"
"Costa Rica","katsuwonus pelamis","no",1,"skipjack tuna","no","yes","Shea et al. 2025",NA,"fish","no","yes","CRI"
"Costa Rica","litopenaeus vannamei","no",1,"whiteleg shrimp","no","yes","Shea et al. 2025",NA,"shrimp","no","yes","CRI"
"Costa Rica","lutjanidae","no",1,"snappers, jobfishes nei","no","yes","Shea et al. 2025",NA,"fish","no","yes","CRI"
"Costa Rica","lutjanus guttatus","no",1,"spotted rose snapper","no","yes","Shea et al. 2025",NA,"fish","no","yes","CRI"
"Costa Rica","penaeidae","no",1,"penaeid shrimps nei","no","yes","Shea et al. 2025",NA,"shrimp","no","yes","CRI"
"Costa Rica","penaeus","no",1,"penaeus shrimps nei","no","yes","Shea et al. 2025",NA,"shrimp","no","yes","CRI"
"Costa Rica","perciformes","no",1,"tuna-like fishes nei","no","yes","Shea et al. 2025",NA,"fish","no","yes","CRI"
"Costa Rica","serranidae","no",1,"Groupers, seabasses nei","no","yes","Shea et al. 2025",NA,"fish","no","yes","CRI"
"Costa Rica","thunnus albacares","no",1,"yellowfin tuna","no","yes","Shea et al. 2025",NA,"fish","no","yes","CRI"
"Costa Rica","thunnus obesus","no",1,"bigeye tuna","no","yes","Shea et al. 2025",NA,"fish","no","yes","CRI"
"Costa Rica","xiphias gladius","no",1,"swordfish","no","yes","Shea et al. 2025",NA,"fish","no","yes","CRI"
"Denmark","ammodytes marinus","no",0,"sandeel","yes","no","Shea et al. 2025",NA,"sandeel","no","yes","DNK"
"Denmark","capros aper","no",0,"boarfish","yes","no","Shea et al. 2025",NA,"boarfish","no","yes","DNK"
"Denmark","clupea harengus","no",0.5,"herring","no","yes","Shea et al. 2025",NA,"herring","no","yes","DNK"
"Denmark","clupea harengus","no",0.5,"herring","yes","no","Shea et al. 2025",NA,"herring","no","yes","DNK"
"Denmark","gadus morhua","no",1,"cod","no","yes","Shea et al. 2025",NA,"cod","no","yes","DNK"
"Denmark","melanogrammus aeglefinus","no",1,"haddock","no","yes","Shea et al. 2025",NA,"haddock","no","yes","DNK"
"Denmark","merlangius merlangus","no",1,"whiting","no","yes","Shea et al. 2025",NA,"whiting","no","yes","DNK"
"Denmark","merluccius merluccius","no",1,"hake","no","yes","Shea et al. 2025",NA,"hake","no","yes","DNK"
"Denmark","microstomus kitt","no",1,"lemon sole","no","yes","Shea et al. 2025",NA,"lemon sole","no","yes","DNK"
"Denmark","oncorhynchus mykiss","yes",1,"trout","no","yes","Shea et al. 2025",NA,"trout","no","no","DNK"
"Denmark","platichthys flesus","no",1,"flounder","no","yes","Shea et al. 2025",NA,"flounder","no","yes","DNK"
"Denmark","pleuronectes platessa","no",1,"plaice","no","yes","Shea et al. 2025",NA,"plaice","no","yes","DNK"
"Denmark","pollachius virens","no",1,"saithe","no","yes","Shea et al. 2025",NA,"saithe","no","yes","DNK"
"Denmark","pollachius virens","no",1,"pollock","no","yes","Shea et al. 2025",NA,"pollock","no","yes","DNK"
"Denmark","salmo salar","yes",1,"salmon","no","yes","Shea et al. 2025",NA,"salmon","no","no","DNK"
"Denmark","sardina pilchardus","no",1,"sardine","no","yes","Shea et al. 2025",NA,"sardine","no","yes","DNK"
"Denmark","scomber scombrus","no",1,"mackerel","no","yes","Shea et al. 2025",NA,"mackerel","no","yes","DNK"
"Denmark","sebastes viviparus","no",1,"rosefish","no","yes","Shea et al. 2025",NA,"rosefish","no","yes","DNK"
"Denmark","sprattus sprattus","no",0,"sprat","yes","no","Shea et al. 2025",NA,"sprat","no","yes","DNK"
"Denmark","trachinus draco","no",1,"greater weever","no","yes","Shea et al. 2025",NA,"greater weever","no","yes","DNK"
"Denmark","trisopterus esmarkii","no",0,"norway pout","yes","no","Shea et al. 2025",NA,"norway pout","no","yes","DNK"
"Ecuador","anchoa nasus","no",0,"longnose anchovy","yes","no","Shea et al. 2025",NA,"longnose anchovy","no","yes","ECU"
"Ecuador","auxis","no",1,"frigate and bullet tunas","no","yes","Shea et al. 2025",NA,"tuna","no","yes","ECU"
"Ecuador","auxis brachydorax","no",0,"frigate tuna","yes","no","Shea et al. 2025",NA,"frigate tuna","no","yes","ECU"
"Ecuador","auxis rochei","no",1,"bullet tuna","no","yes","Shea et al. 2025",NA,"bullet tuna","no","yes","ECU"
"Ecuador","auxis thazard","no",1,"frigate tuna","no","yes","Shea et al. 2025",NA,"frigate tuna","no","yes","ECU"
"Ecuador","cetengraulis mysticetus","no",0,"pacific anchoveta","yes","no","Shea et al. 2025",NA,"pacific anchoveta","no","yes","ECU"
"Ecuador","coryphaena hippurus","no",1,"common dolphinfish","no","yes","Shea et al. 2025",NA,"common dolphinfish","no","yes","ECU"
"Ecuador","decapterus macrosoma","no",0,"shortfin scad","yes","no","Shea et al. 2025",NA,"shortfin scad","no","yes","ECU"
"Ecuador","etrumeus whiteheadi","no",0.666666666666667,"red eye round herring","no","yes","Shea et al. 2025",NA,"red eye round herring","no","yes","ECU"
"Ecuador","etrumeus whiteheadi","no",0.666666666666667,"red-eye round herring","no","yes","Shea et al. 2025",NA,"red-eye round herring","no","yes","ECU"
"Ecuador","etrumeus whiteheadi","no",0.666666666666667,"round herring","yes","no","Shea et al. 2025",NA,"round herring","no","yes","ECU"
"Ecuador","euthynnus lineatus","no",1,"black skipjack","no","yes","Shea et al. 2025",NA,"black skipjack","no","yes","ECU"
"Ecuador","haemulopsis axillaris","no",1,"roncador","no","yes","Shea et al. 2025",NA,"roncador","no","yes","ECU"
"Ecuador","katsuwonus pelamis","no",1,"skipjack tuna","no","yes","Shea et al. 2025",NA,"tuna, skipjack tuna","no","yes","ECU"
"Ecuador","maemulpsis axillaris","no",0,"roncador","yes","no","Shea et al. 2025",NA,"roncador","no","yes","ECU"
"Ecuador","merluccius gayi","no",1,"south pacific hake","no","yes","Shea et al. 2025",NA,"south pacific hake","no","yes","ECU"
"Ecuador","opisthonema libertate","no",1,"pacific thread herring","no","yes","Shea et al. 2025",NA,"pacific thread herring","no","yes","ECU"
"Ecuador","peprilus medius","no",0.5,"pacific harvestfish","no","yes","Shea et al. 2025",NA,"pacific harvestfish","no","yes","ECU"
"Ecuador","peprilus medius","no",0.5,"pacific harvestfish","yes","no","Shea et al. 2025",NA,"pacific harvestfish","no","yes","ECU"
"Ecuador","perciformes","no",1,"tuna-like fishes nei","no","yes","Shea et al. 2025",NA,"tuna","no","yes","ECU"
"Ecuador","scomber japonicus","no",0.5,"pacific chub mackerel","no","yes","Shea et al. 2025",NA,"pacific chub mackerel","no","yes","ECU"
"Ecuador","scomber japonicus","no",0.5,"pacific chub mackerel","yes","no","Shea et al. 2025",NA,"pacific chub mackerel","no","yes","ECU"
"Ecuador","thunnus albacares","no",1,"yellowfin tuna","no","yes","Shea et al. 2025",NA,"tuna, yellowfin tuna","no","yes","ECU"
"Ecuador","thunnus obesus","no",1,"bigeye tuna","no","yes","Shea et al. 2025",NA,"tuna, bigeye tuna","no","yes","ECU"
"Ecuador","thunnus orientalis","no",1,"pacific bluefin tuna","no","yes","Shea et al. 2025",NA,"tuna","no","yes","ECU"
"Ecuador","trachurus murphyi","no",0,"jack mackerel","yes","no","Shea et al. 2025",NA,"jack mackerel","no","yes","ECU"
"Ecuador","trichiurus lepturus","no",0,"largehead hairtail","yes","no","Shea et al. 2025",NA,"largehead hairtail","no","yes","ECU"
"ElSalvador","katsuwonus pelamis","no",1,"skipjack tuna","no","yes","Shea et al. 2025",NA,"skipjack tuna","no","yes","SLV"
"ElSalvador","thunnus alalunga","no",1,"albacore tuna","no","yes","Shea et al. 2025",NA,"albacore tuna","no","yes","SLV"
"ElSalvador","thunnus albacares","no",1,"yellowfin tuna","no","yes","Shea et al. 2025",NA,"yellowfin tuna","no","yes","SLV"
"ElSalvador","thunnus obesus","no",1,"bigeye tuna","no","yes","Shea et al. 2025",NA,"bigeye tuna","no","yes","SLV"
"Estonia","clupea harengus","no",0.5,"herring","yes","no","Shea et al. 2025",NA,"herring","no","yes","EST"
"Estonia","clupea harengus","no",0.5,"herring","no","yes","Shea et al. 2025",NA,"herring","no","yes","EST"
"Estonia","sprattus sprattus","no",0.5,"baltic sprat","yes","no","Shea et al. 2025",NA,"baltic sprat","no","yes","EST"
"Estonia","sprattus sprattus","no",0.5,"baltic sprat","no","yes","Shea et al. 2025",NA,"baltic sprat","no","yes","EST"
"Faroe Islands","clupea harengus","no",1,"herring","no","yes","Shea et al. 2025",NA,"herring","no","yes","FRO"
"Faroe Islands","salmo salar","yes",1,"atlantic salmon","no","yes","Shea et al. 2025",NA,"atlantic salmon","no","no","FRO"
"Faroe Islands","scomber scombrus","no",1,"mackerel","no","yes","Shea et al. 2025",NA,"mackerel","no","yes","FRO"
"Finland","clupea harengus","no",0,"herring","yes","no","Shea et al. 2025",NA,"herring","no","yes","FIN"
"Finland","sprattus sprattus","no",0,"baltic sprat","yes","no","Shea et al. 2025",NA,"baltic sprat","no","yes","FIN"
"France","aphanopus carbo","no",1,"black scabbardfish","no","yes","Shea et al. 2025",NA,"black scabbardfish","no","yes","FRA"
"France","clupea harengus","no",0.5,"herring","yes","no","Shea et al. 2025",NA,"herring","no","yes","FRA"
"France","clupea harengus","no",0.5,"herring","no","yes","Shea et al. 2025",NA,"herring","no","yes","FRA"
"France","engraulis ringens","no",0,"anchovy","yes","no","Shea et al. 2025",NA,"anchovy","no","yes","FRA"
"France","gadus morhua","no",1,"cod","no","yes","Shea et al. 2025",NA,"cod","no","yes","FRA"
"France","loligo vulgaris","no",1,"squid","no","yes","Shea et al. 2025",NA,"squid","no","yes","FRA"
"France","lophius piscatorius","no",1,"anglerfish","no","yes","Shea et al. 2025",NA,"anglerfish","no","yes","FRA"
"France","melanogrammus aeglefinus","no",1,"haddock","no","yes","Shea et al. 2025",NA,"haddock","no","yes","FRA"
"France","merlangius merlangus","no",1,"whiting","no","yes","Shea et al. 2025",NA,"whiting","no","yes","FRA"
"France","merluccius merluccius","no",1,"european hake","no","yes","Shea et al. 2025",NA,"european hake","no","yes","FRA"
"France","molva dypterygia","no",1,"blue ling","no","yes","Shea et al. 2025",NA,"blue ling","no","yes","FRA"
"France","molva molva","no",1,"ling","no","yes","Shea et al. 2025",NA,"ling","no","yes","FRA"
"France","mullus surmuletus","no",1,"red mullet","no","yes","Shea et al. 2025",NA,"red mullet","no","yes","FRA"
"France","oncorhynchus mykiss","yes",1,"rainbow trout","no","yes","Shea et al. 2025",NA,"rainbow trout","no","no","FRA"
"France","oncorhynchus mykiss","yes",1,"rainbow trout","no","yes","Shea et al. 2025",NA,"rainbow trout","no","no","FRA"
"France","pecten maximus","no",1,"scallop","no","yes","Shea et al. 2025",NA,"scallop","no","yes","FRA"
"France","pleuronectes platessa","no",1,"plaice","no","yes","Shea et al. 2025",NA,"plaice","no","yes","FRA"
"France","pollachius pollachius","no",1,"pollack","no","yes","Shea et al. 2025",NA,"pollack","no","yes","FRA"
"France","pollachius virens","no",0.5,"saithe","yes","no","Shea et al. 2025",NA,"saithe","no","yes","FRA"
"France","pollachius virens","no",0.5,"saithe","no","yes","Shea et al. 2025",NA,"saithe","no","yes","FRA"
"France","reinhardtius hippoglossoides","no",1,"greenland halibut","no","yes","Shea et al. 2025",NA,"greenland halibut","no","yes","FRA"
"France","salmo salar","yes",1,"salmon","no","yes","Shea et al. 2025",NA,"salmon","no","no","FRA"
"France","salmo salar","yes",1,"atlantic salmon","no","yes","Shea et al. 2025",NA,"atlantic salmon","no","no","FRA"
"France","sardina pilchardus","no",0.5,"sardine","yes","no","Shea et al. 2025",NA,"sardine","no","yes","FRA"
"France","sardina pilchardus","no",0.5,"european sardine","no","yes","Shea et al. 2025",NA,"european sardine","no","yes","FRA"
"France","scomber scombrus","no",1,"mackerel","no","yes","Shea et al. 2025",NA,"mackerel","no","yes","FRA"
"France","scophthalmus maximus","no",1,"turbot","no","yes","Shea et al. 2025",NA,"turbot","no","yes","FRA"
"France","sebastes mentella","no",1,"beaked redfish","no","yes","Shea et al. 2025",NA,"beaked redfish","no","yes","FRA"
"France","solea solea","no",1,"sole","no","yes","Shea et al. 2025",NA,"sole","no","yes","FRA"
"France","spondyliosoma cantharus","no",1,"black seabream","no","yes","Shea et al. 2025",NA,"black seabream","no","yes","FRA"
"France","sprattus sprattus","no",0,"sprat","yes","no","Shea et al. 2025",NA,"sprat","no","yes","FRA"
"France","trisopterus luscus","no",1,"pouting","no","yes","Shea et al. 2025",NA,"pouting","no","yes","FRA"
"France","zeus faber","no",1,"john dory","no","yes","Shea et al. 2025",NA,"john dory","no","yes","FRA"
"Gambia","ethmalosa fimbriata","no",0,"bonga shad","yes","no","Shea et al. 2025",NA,"bonga shad","no","yes","GMB"
"Gambia","sardinella","no",0,"sardinellas nei","yes","no","Shea et al. 2025",NA,"Round sardinella","No","yes","GMB"
"Gambia","sardinella aurita","no",0,"round sardinella","yes","no","Shea et al. 2025",NA,"round sardinella","no","yes","GMB"
"Gambia","sardinella maderensis","no",0,"flat sardinella","yes","no","Shea et al. 2025",NA,"flat sardinella","no","yes","GMB"
"Georgia","engraulis encrasicolus","no",0,"european anchovy","yes","no","Shea et al. 2025",NA,"european anchovy","no","yes","GEO"
"Germany","engraulis encrasicolus","no",0,"black sea anchovy","yes","no","Shea et al. 2025",NA,"black sea anchovy","no","yes","DEU"
"Iceland","clupea harengus","no",1,"atlantic herring","no","yes","Shea et al. 2025",NA,"atlantic herring","no","yes","ISL"
"Iceland","micromesistius poutassou","no",0,"blue whiting","yes","no","Shea et al. 2025",NA,"blue whiting","no","yes","ISL"
"Iceland","scomber scombrus","no",1,"mackerel","no","yes","Shea et al. 2025",NA,"mackerel","no","yes","ISL"
"India","alutera monoceros","no",0,"yellow-finned leather jacket","yes","no","Shea et al. 2025",NA,"yellow-finned leather jacket","no","yes","IND"
"India","ariidae","no",0,"sea catfishes nei","yes","no","Shea et al. 2025",NA,"catfish","no","yes","IND"
"India","auxis rochei","no",1,"bullet tuna","no","yes","Shea et al. 2025",NA,"tuna","no","yes","IND"
"India","auxis thazard","no",1,"frigate tuna","no","yes","Shea et al. 2025",NA,"tuna","no","yes","IND"
"India","caesio erythrogaster","no",0,"yellowtail fusilier","yes","no","Shea et al. 2025",NA,"yellowtail fusilier","no","yes","IND"
"India","clarias","no",0,"catfishes nei","yes","no","Shea et al. 2025",NA,"catfish","no","yes","IND"
"India","engraulidae","no",0,"anchovies, etc. nei","yes","no","Shea et al. 2025",NA,"anchovy","no","yes","IND"
"India","eubleekeria splendens","no",0,"splendid pony fish slimy","yes","no","Shea et al. 2025",NA,"splendid pony fish slimy","no","yes","IND"
"India","katsuwonus pelamis","no",1,"skipjack tuna","no","yes","Shea et al. 2025",NA,"tuna","no","yes","IND"
"India","lutjanus argentimaculatus","no",0,"red snapper","yes","no","Shea et al. 2025",NA,"red snapper","no","yes","IND"
"India","mulloidichthys martinicus","no",0,"yellow goatfish","yes","no","Shea et al. 2025",NA,"yellow goatfish","no","yes","IND"
"India","nemipterus japonicus","no",1,"japanese thread fin fish","no","yes","Shea et al. 2025",NA,"japanese thread fin fish","no","yes","IND"
"India","pangasianodon hypophthalmus","no",0,"striped catfish","yes","no","Shea et al. 2025",NA,"catfish","no","yes","IND"
"India","pentaprion longimanus","no",0,"longfin mojarra","yes","no","Shea et al. 2025",NA,"longfin mojarra","no","yes","IND"
"India","perciformes","no",1,"tuna-like fishes nei","no","yes","Shea et al. 2025",NA,"tuna","no","yes","IND"
"India","priacanthus tayenus","no",0,"purple-spotted (bigeye)","yes","no","Shea et al. 2025",NA,"purple-spotted (bigeye)","no","yes","IND"
"India","pterocaesio chrysozona","no",0,"gold band fusilier","yes","no","Shea et al. 2025",NA,"gold band fusilier","no","yes","IND"
"India","rastrelliger kanagurta","no",0,"mackerel","yes","no","Shea et al. 2025",NA,"mackerel","no","yes","IND"
"India","sardinella fimbriate","no",0,"lesser sardine","yes","no","Shea et al. 2025",NA,"lesser sardine","no","yes","IND"
"India","sardinella longiceps","no",0.333333333333333,"indian oil sardine","yes","no","Shea et al. 2025",NA,"indian oil sardine","no","yes","IND"
"India","sardinella longiceps","no",0.333333333333333,"sardine","no","yes","Shea et al. 2025",NA,"sardine","no","yes","IND"
"India","sardinella longiceps","no",0.333333333333333,"sardine","yes","no","Shea et al. 2025",NA,"sardine","no","yes","IND"
"India","saurida undosquamis","no",0,"lizardfish","yes","no","Shea et al. 2025",NA,"lizardfish","no","yes","IND"
"India","scomber scombrus","no",0,"mackerel","yes","no","Shea et al. 2025",NA,"mackerel","no","yes","IND"
"India","secutor insidiator","no",0,"pugnose ponyfish","yes","no","Shea et al. 2025",NA,"pugnose ponyfish","no","yes","IND"
"India","stolephorus","no",0,"stolephorus anchovies nei","yes","no","Shea et al. 2025",NA,"anchovy","no","yes","IND"
"India","thunnus albacares","no",1,"yellowfin tuna","no","yes","Shea et al. 2025",NA,"tuna","no","yes","IND"
"India","thunnus obesus","no",1,"bigeye tuna","no","yes","Shea et al. 2025",NA,"tuna","no","yes","IND"
"India","thunnus tonggol","no",1,"longtail tuna","no","yes","Shea et al. 2025",NA,"tuna","no","yes","IND"
"Indonesia","amblygaster sirm","no",0.5,"spotted sardinella","no","yes","Shea et al. 2025",NA,"sardine","no","yes","IDN"
"Indonesia","amblygaster sirm","no",0.5,"spotted sardinella","yes","no","Shea et al. 2025",NA,"sardine","no","yes","IDN"
"Indonesia","amblygaster sirm","no",0.5,"spotted sardinella","yes","no","Shea et al. 2025",NA,"lemuru","no","yes","IDN"
"Indonesia","amblygaster sirm","no",0.5,"spotted sardinella","no","yes","Shea et al. 2025",NA,"lemuru","no","yes","IDN"
"Indonesia","auxis","no",1,"frigate and bullet tunas","no","yes","Shea et al. 2025",NA,"tuna","no","yes","IDN"
"Indonesia","auxis rochei","no",1,"bullet tuna","no","yes","Shea et al. 2025",NA,"tuna","no","yes","IDN"
"Indonesia","auxis thazard","no",1,"frigate tuna","no","yes","Shea et al. 2025",NA,"tuna","no","yes","IDN"
"Indonesia","dussumieria acuta","no",0.5,"rainbow sardine","no","yes","Shea et al. 2025",NA,"sardine","no","yes","IDN"
"Indonesia","dussumieria acuta","no",0.5,"rainbow sardine","yes","no","Shea et al. 2025",NA,"sardine","no","yes","IDN"
"Indonesia","gymnosarda unicolor","no",1,"dogtooth tuna","no","yes","Shea et al. 2025",NA,"tuna","no","yes","IDN"
"Indonesia","katsuwonus pelamis","no",1,"skipjack tuna","no","yes","Shea et al. 2025",NA,"tuna, skipjack tuna","no","yes","IDN"
"Indonesia","perciformes","no",1,"tuna-like fishes nei","no","yes","Shea et al. 2025",NA,"tuna","no","yes","IDN"
"Indonesia","sardinella fimbriata","no",0.5,"fringescale sardinella","no","yes","Shea et al. 2025",NA,"fringescale sardinella","no","yes","IDN"
"Indonesia","sardinella fimbriata","no",0.5,"fringescale sardinella","yes","no","Shea et al. 2025",NA,"fringescale sardinella","no","yes","IDN"
"Indonesia","sardinella gibbosa","no",0.5,"goldstripe sardinella","no","yes","Shea et al. 2025",NA,"sardine","no","yes","IDN"
"Indonesia","sardinella gibbosa","no",0.5,"goldstripe sardinella","yes","no","Shea et al. 2025",NA,"sardine","no","yes","IDN"
"Indonesia","sardinella lemuru","no",0.5,"bali sardinella","no","yes","Shea et al. 2025",NA,"sardine","no","yes","IDN"
"Indonesia","sardinella lemuru","no",0.5,"bali sardinella","yes","no","Shea et al. 2025",NA,"sardine","no","yes","IDN"
"Indonesia","sardinops sagax","no",0.5,"south american pilchard","no","yes","Shea et al. 2025",NA,"south american pilchard","no","yes","IDN"
"Indonesia","sardinops sagax","no",0.5,"south american pilchard","yes","no","Shea et al. 2025",NA,"south american pilchard","no","yes","IDN"
"Indonesia","thunnus albacares","no",1,"yellowfin tuna","no","yes","Shea et al. 2025",NA,"tuna, yellowfin tuna","no","yes","IDN"
"Indonesia","thunnus maccoyii","no",1,"southern bluefin tuna","no","yes","Shea et al. 2025",NA,"tuna","no","yes","IDN"
"Indonesia","thunnus obesus","no",1,"bigeye tuna","no","yes","Shea et al. 2025",NA,"tuna","no","yes","IDN"
"Indonesia","thunnus tonggol","no",1,"longtail tuna","no","yes","Shea et al. 2025",NA,"tuna","no","yes","IDN"
"Iran","sardinella longiceps","no",0.5,"indian oil sardine","no","yes","Shea et al. 2025",NA,"sardine","no","yes","IRN"
"Iran","sardinella longiceps","no",0.5,"indian oil sardine","yes","no","Shea et al. 2025",NA,"sardine","no","yes","IRN"
"Ireland","cancer pagurus","no",1,"edible crab","no","yes","Shea et al. 2025",NA,"crab","no","yes","IRL"
"Ireland","capros aper","no",1,"boarfish","no","yes","Shea et al. 2025",NA,"boarfish","no","yes","IRL"
"Ireland","clupea pallasii","no",1,"herring","no","yes","Shea et al. 2025",NA,"herring","no","yes","IRL"
"Ireland","engraulis encrasicolus","no",0.5,"european anchovy","no","yes","Shea et al. 2025",NA,"anchovy, european anchovy","no","yes","IRL"
"Ireland","engraulis encrasicolus","no",0.5,"european anchovy","yes","no","Shea et al. 2025",NA,"anchovy","no","yes","IRL"
"Ireland","lophiidae","no",1,"anglerfishes nei","no","yes","Shea et al. 2025",NA,"anglerfish","no","yes","IRL"
"Ireland","melanogrammus aeglefinus","no",1,"haddock","no","yes","Shea et al. 2025",NA,"haddock","no","yes","IRL"
"Ireland","merluccius","no",1,"hakes nei","no","yes","Shea et al. 2025",NA,"hake","no","yes","IRL"
"Ireland","merluccius merluccius","no",1,"european hake","no","yes","Shea et al. 2025",NA,"hake","no","yes","IRL"
"Ireland","micromesistius poutassou","no",0.5,"blue whiting","no","yes","Shea et al. 2025",NA,"blue whiting","no","yes","IRL"
"Ireland","micromesistius poutassou","no",0.5,"blue whiting","yes","no","Shea et al. 2025",NA,"blue whiting","no","yes","IRL"
"Ireland","nephrops norvegicus","no",1,"norway lobster","no","yes","Shea et al. 2025",NA,"norwegian lobster","no","yes","IRL"
"Ireland","salmo salar","yes",1,"salmon","no","yes","Shea et al. 2025",NA,"salmon","no","no","IRL"
"Ireland","sardina pilchardus","no",0.666666666666667,"european pilchard","no","yes","Shea et al. 2025",NA,"european pilchard","no","yes","IRL"
"Ireland","sardina pilchardus","no",0.666666666666667,"sardine","no","yes","Shea et al. 2025",NA,"sardine","no","yes","IRL"
"Ireland","sardina pilchardus","no",0.666666666666667,"sardine","yes","no","Shea et al. 2025",NA,"sardine","no","yes","IRL"
"Ireland","scomber japonicus","no",1,"mackerel","no","yes","Shea et al. 2025",NA,"mackerel","no","yes","IRL"
"Ireland","sprattus sprattus","no",1,"sprat","no","yes","Shea et al. 2025",NA,"sprat","no","yes","IRL"
"Ireland","trachurus japonicus","no",1,"horse mackerel","no","yes","Shea et al. 2025",NA,"horse mackerel","no","yes","IRL"
"Latvia","clupea harengus","no",1,"herring","no","yes","Shea et al. 2025",NA,"herring","no","yes","LVA"
"Latvia","gadus morhua","no",1,"cod","no","yes","Shea et al. 2025",NA,"cod","no","yes","LVA"
"Latvia","salmo salar","yes",1,"salmon","no","yes","Shea et al. 2025",NA,"salmon","no","no","LVA"
"Latvia","sprattus sprattus","no",1,"sprat","no","yes","Shea et al. 2025",NA,"sprat","no","yes","LVA"
"Lithuania","salmo salar","yes",1,"salmon","no","yes","Shea et al. 2025",NA,"salmon","no","no","LTU"
"Malaysia","auxis","no",1,"frigate and bullet tunas","no","yes","Shea et al. 2025",NA,"tuna","no","yes","MYS"
"Malaysia","auxis","no",1,"frigate and bullet tunas","no","yes","Shea et al. 2025",NA,"tuna","no","yes","MYS"
"Malaysia","auxis thazard","no",1,"frigate tuna","no","yes","Shea et al. 2025",NA,"tuna","no","yes","MYS"
"Malaysia","auxis thazard","no",1,"frigate tuna","no","yes","Shea et al. 2025",NA,"tuna","no","yes","MYS"
"Malaysia","katsuwonus pelamis","no",1,"skipjack tuna","no","yes","Shea et al. 2025",NA,"tuna","no","yes","MYS"
"Malaysia","katsuwonus pelamis","no",1,"skipjack tuna","no","yes","Shea et al. 2025",NA,"tuna","no","yes","MYS"
"Malaysia","perciformes","no",1,"tuna-like fishes nei","no","yes","Shea et al. 2025",NA,"tuna","no","yes","MYS"
"Malaysia","perciformes","no",1,"tuna-like fishes nei","no","yes","Shea et al. 2025",NA,"tuna","no","yes","MYS"
"Malaysia","rastrelliger","no",1,"indian mackerels nei","no","yes","Shea et al. 2025",NA,"mackerel","no","yes","MYS"
"Malaysia","rastrelliger","no",1,"indian mackerels nei","no","yes","Shea et al. 2025",NA,"mackerel","no","yes","MYS"
"Malaysia","scomberomorus commerson","no",1,"narrow-barred spanish mackerel","no","yes","Shea et al. 2025",NA,"mackerel","no","yes","MYS"
"Malaysia","scomberomorus commerson","no",1,"narrow-barred spanish mackerel","no","yes","Shea et al. 2025",NA,"mackerel","no","yes","MYS"
"Malaysia","scomberomorus guttatus","no",1,"indo-pacific king mackerel","no","yes","Shea et al. 2025",NA,"mackerel","no","yes","MYS"
"Malaysia","scomberomorus guttatus","no",1,"indo-pacific king mackerel","no","yes","Shea et al. 2025",NA,"mackerel","no","yes","MYS"
"Malaysia","scombridae","no",1,"mackerels nei","no","yes","Shea et al. 2025",NA,"mackerel","no","yes","MYS"
"Malaysia","scombridae","no",1,"mackerels nei","no","yes","Shea et al. 2025",NA,"mackerel","no","yes","MYS"
"Malaysia","thunnus albacares","no",1,"yellowfin tuna","no","yes","Shea et al. 2025",NA,"tuna","no","yes","MYS"
"Malaysia","thunnus albacares","no",1,"yellowfin tuna","no","yes","Shea et al. 2025",NA,"tuna","no","yes","MYS"
"Malaysia","thunnus obesus","no",1,"bigeye tuna","no","yes","Shea et al. 2025",NA,"tuna","no","yes","MYS"
"Malaysia","thunnus obesus","no",1,"bigeye tuna","no","yes","Shea et al. 2025",NA,"tuna","no","yes","MYS"
"Malaysia","thunnus tonggol","no",1,"longtail tuna","no","yes","Shea et al. 2025",NA,"tuna","no","yes","MYS"
"Malaysia","thunnus tonggol","no",1,"longtail tuna","no","yes","Shea et al. 2025",NA,"tuna","no","yes","MYS"
"Mauritania","sardina pilchardus","no",0,"sardine","yes","no","Shea et al. 2025",NA,"sardine","no","yes","MRT"
"Mauritania","sardinella","no",1,"sardinellas nei","no","yes","Shea et al. 2025",NA,"sardinella","no","yes","MRT"
"Mauritania","sardinella maderensis","no",0,"madeiran sardinella","yes","no","Shea et al. 2025",NA,"madeiran sardinella","no","yes","MRT"
"Mauritius","katsuwonus pelamis","no",1,"skipjack tuna","no","yes","Shea et al. 2025",NA,"skipjack tuna","no","yes","MUS"
"Mauritius","thunnus alalunga","no",1,"albacore tuna","no","yes","Shea et al. 2025",NA,"albacore tuna","no","yes","MUS"
"Mauritius","thunnus albacares","no",1,"yellowfin tuna","no","yes","Shea et al. 2025",NA,"yellowfin tuna","no","yes","MUS"
"Mauritius","thunnus obesus","no",1,"bigeye tuna","no","yes","Shea et al. 2025",NA,"bigeye tuna","no","yes","MUS"
"Mexico","cetengraulis mysticetus","no",0,"pacific anchoveta","yes","no","Shea et al. 2025",NA,"pacific anchoveta","no","yes","MEX"
"Mexico","cetengraulis mysticetus","no",0,"pacific anchoveta","yes","no","Shea et al. 2025",NA,"pacific anchoveta","no","yes","MEX"
"Mexico","cetengraulis mysticetus","no",0,"bocona sardine","yes","no","Shea et al. 2025",NA,"bocona sardine","no","yes","MEX"
"Mexico","engraulis mordax","no",0,"anchovy","yes","no","Shea et al. 2025",NA,"anchovy","no","yes","MEX"
"Mexico","engraulis mordax","no",0,"anchoveta","yes","no","Shea et al. 2025",NA,"anchoveta","no","yes","MEX"
"Mexico","etrumeus sadina","no",0,"japanese sardine","yes","no","Shea et al. 2025",NA,"japanese sardine","no","yes","MEX"
"Mexico","etrumeus teres","no",0,"sardine japanese","yes","no","Shea et al. 2025",NA,"sardine japanese","no","yes","MEX"
"Mexico","etrumeus teres","no",0,"japanese sardine","yes","no","Shea et al. 2025",NA,"japanese sardine","no","yes","MEX"
"Mexico","etrumeus whiteheadi","no",0,"japanese sardine","yes","no","Shea et al. 2025",NA,"japanese sardine","no","yes","MEX"
"Mexico","etrumeus whiteheadi","no",0,"red eye round herring","yes","no","Shea et al. 2025",NA,"red eye round herring","no","yes","MEX"
"Mexico","katsuwonus pelamis","no",1,"skipjack tuna","no","yes","Shea et al. 2025",NA,"skipjack tuna","no","yes","MEX"
"Mexico","oligoplites refulgens","no",0,"shortjaw leatherjacket","yes","no","Shea et al. 2025",NA,"sardine","no","yes","MEX"
"Mexico","opisthonema libertate","no",0,"pacific thread herring","yes","no","Shea et al. 2025",NA,"pacific thread herring","no","yes","MEX"
"Mexico","opisthonema libertate","no",0,"pacific thread herring","yes","no","Shea et al. 2025",NA,"thread herring","no","yes","MEX"
"Mexico","penaeus vannamei","yes",1,"shrimp","no","yes","Shea et al. 2025",NA,"shrimp","no","no","MEX"
"Mexico","sardinops sagax","no",0,"monterrey sardine","yes","no","Shea et al. 2025",NA,"monterrey sardine","no","yes","MEX"
"Mexico","sardinops sagax","no",0,"south american pilchard","yes","no","Shea et al. 2025",NA,"south american pilchard","no","yes","MEX"
"Mexico","scomber japonicus","no",0.333333333333333,"pacific chub mackerel","yes","no","Shea et al. 2025",NA,"pacific chub mackerel","no","yes","MEX"
"Mexico","scomber japonicus","no",0.333333333333333,"mackerel","yes","no","Shea et al. 2025",NA,"mackerel","no","yes","MEX"
"Mexico","scomber japonicus","no",0.333333333333333,"makerel","no","yes","Shea et al. 2025",NA,"makerel","no","yes","MEX"
"Mexico","thunnus albacares","no",1,"yellowfin tuna","no","yes","Shea et al. 2025",NA,"yellowfin tuna","no","yes","MEX"
"Mexico","trachurus symmetricus","no",0.5,"pacific jack mackerel","yes","no","Shea et al. 2025",NA,"pacific jack mackerel","no","yes","MEX"
"Mexico","trachurus symmetricus","no",0.5,"charro sardine","no","yes","Shea et al. 2025",NA,"charro sardine","no","yes","MEX"
"Morocco","engraulis encrasicolus","no",0,"european anchovy","yes","no","Shea et al. 2025",NA,"european anchovy","no","yes","MAR"
"Morocco","sardina pilchardus","no",0.666666666666667,"sardine","yes","no","Shea et al. 2025",NA,"sardine","no","yes","MAR"
"Morocco","sardina pilchardus","no",0.666666666666667,"sardine","no","yes","Shea et al. 2025",NA,"sardine","no","yes","MAR"
"Morocco","sardina pilchardus","no",0.666666666666667,"european pilchard","no","yes","Shea et al. 2025",NA,"european pilchard","no","yes","MAR"
"Morocco","sardinella aurita","no",0.5,"round sardinella","no","yes","Shea et al. 2025",NA,"round sardinella","no","yes","MAR"
"Morocco","sardinella aurita","no",0.5,"round sardinella","yes","no","Shea et al. 2025",NA,"round sardinella","no","yes","MAR"
"Morocco","scomber colias","no",1,"atlantic chub mackerel","no","yes","Shea et al. 2025",NA,"atlantic chub mackerel","no","yes","MAR"
"Morocco","scomber colias","no",1,"chub mackerel","no","yes","Shea et al. 2025",NA,"chub mackerel","no","yes","MAR"
"Morocco","scomber japonicus","no",0,"mackerel","yes","no","Shea et al. 2025",NA,"mackerel","no","yes","MAR"
"Morocco","trachurus trachurus","no",1,"horse mackerel","no","yes","Shea et al. 2025",NA,"horse mackerel","no","yes","MAR"
"Morocco","trachurus trachurus","no",1,"horse mackerel","no","yes","Shea et al. 2025",NA,"horse mackerel","no","yes","MAR"
"Namibia","trachurus trachurus","no",0,"horse mackerel","yes","no","Shea et al. 2025",NA,"horse mackerel","no","yes","NAM"
"New Zealand","allothunnus fallai","no",1,"slender tuna","no","yes","Shea et al. 2025",NA,"tuna","no","yes","NZL"
"New Zealand","auxis","no",1,"frigate and bullet tunas","no","yes","Shea et al. 2025",NA,"tuna","no","yes","NZL"
"New Zealand","katsuwonus pelamis","no",1,"skipjack tuna","no","yes","Shea et al. 2025",NA,"tuna","no","yes","NZL"
"New Zealand","macruronus novaezelandiae","no",1,"hoki","no","yes","Shea et al. 2025",NA,"hoki","no","yes","NZL"
"New Zealand","oncorhynchus tshawytscha","yes",1,"king salmon","no","yes","Shea et al. 2025",NA,"king salmon","no","no","NZL"
"New Zealand","perciformes","no",1,"tuna-like fishes nei","no","yes","Shea et al. 2025",NA,"tuna","no","yes","NZL"
"New Zealand","thunnus albacares","no",1,"yellowfin tuna","no","yes","Shea et al. 2025",NA,"tuna","no","yes","NZL"
"New Zealand","thunnus maccoyii","no",1,"southern bluefin tuna","no","yes","Shea et al. 2025",NA,"tuna","no","yes","NZL"
"New Zealand","thunnus obesus","no",1,"bigeye tuna","no","yes","Shea et al. 2025",NA,"tuna","no","yes","NZL"
"New Zealand","thunnus orientalis","no",1,"pacific bluefin tuna","no","yes","Shea et al. 2025",NA,"tuna","no","yes","NZL"
"Norway","calanus finmarchicus","no",0,"calanus zooplankton","yes","no","Shea et al. 2025",NA,"calanus zooplankton","no","yes","NOR"
"Norway","clupea harengus","no",1,"herring","no","yes","Shea et al. 2025",NA,"herring","no","yes","NOR"
"Norway","euphausia superba","no",0,"antarctic krill","yes","no","Shea et al. 2025",NA,"krill","no","yes","NOR"
"Norway","gadiculus thori","no",1,"norway silvery cod","no","yes","Shea et al. 2025",NA,"norway silvery cod","no","yes","NOR"
"Norway","gadus morhua","no",1,"cod","no","yes","Shea et al. 2025",NA,"cod","no","yes","NOR"
"Norway","lophius budegassa","no",1,"anglerfish","no","yes","Shea et al. 2025",NA,"anglerfish","no","yes","NOR"
"Norway","lophius piscatorius","no",1,"anglerfish","no","yes","Shea et al. 2025",NA,"anglerfish","no","yes","NOR"
"Norway","mallotus villosus","no",0.5,"capelin","no","yes","Shea et al. 2025",NA,"capelin","no","yes","NOR"
"Norway","mallotus villosus","no",0.5,"capelin","yes","no","Shea et al. 2025",NA,"capelin","no","yes","NOR"
"Norway","meganyctiphanes norvegica","no",0,"norwegian krill","yes","no","Shea et al. 2025",NA,"krill","no","yes","NOR"
"Norway","melanogrammus aeglefinus","no",1,"haddock","no","yes","Shea et al. 2025",NA,"haddock","no","yes","NOR"
"Norway","merlangius merlangus","no",1,"whiting","no","yes","Shea et al. 2025",NA,"whiting","no","yes","NOR"
"Norway","micromesistius poutassou","no",1,"blue whiting","no","yes","Shea et al. 2025",NA,"blue whiting","no","yes","NOR"
"Norway","oncorhynchus mykiss","yes",1,"rainbow trout","no","yes","Shea et al. 2025",NA,"rainbow trout","no","no","NOR"
"Norway","pollachius virens","no",1,"saithe","no","yes","Shea et al. 2025",NA,"saithe","no","yes","NOR"
"Norway","salmo salar","yes",1,"atlantic salmon","no","yes","Shea et al. 2025",NA,"atlantic salmon","no","no","NOR"
"Norway","scomber scombrus","no",1,"mackerel","no","yes","Shea et al. 2025",NA,"mackerel","no","yes","NOR"
"Norway","sebastes mentella","no",1,"deepwater redfish","no","yes","Shea et al. 2025",NA,"deepwater redfish","no","yes","NOR"
"Norway","sprattus sprattus","no",1,"sprat","no","yes","Shea et al. 2025",NA,"sprat","no","yes","NOR"
"Norway","trachurus trachurus","no",1,"horse mackerel","no","yes","Shea et al. 2025",NA,"horse mackerel","no","yes","NOR"
"Norway","trisopterus esmarkii","no",0,"norway pout","yes","no","Shea et al. 2025",NA,"norway pout","no","yes","NOR"
"Oman","auxis","no",1,"frigate and bullet tunas","no","yes","Shea et al. 2025",NA,"tuna","no","yes","OMN"
"Oman","katsuwonus pelamis","no",1,"skipjack tuna","no","yes","Shea et al. 2025",NA,"tuna","no","yes","OMN"
"Oman","perciformes","no",1,"tuna-like fishes nei","no","yes","Shea et al. 2025",NA,"tuna","no","yes","OMN"
"Oman","sardina pilchardus","no",0,"sardine","yes","no","Shea et al. 2025",NA,"sardine","no","yes","OMN"
"Oman","thunnus albacares","no",1,"yellowfin tuna","no","yes","Shea et al. 2025",NA,"tuna","no","yes","OMN"
"Oman","thunnus tonggol","no",1,"longtail tuna","no","yes","Shea et al. 2025",NA,"tuna","no","yes","OMN"
"Panama","cetengraulis mysticetus","no",0,"pacific anchoveta","yes","no","Shea et al. 2025",NA,"pacific anchoveta","no","yes","PAN"
"Panama","opisthonema libertate","no",0,"pacific thread herring","yes","no","Shea et al. 2025",NA,"pacific thread herring","no","yes","PAN"
"Papua New Guinea","katsuwonus pelamis","no",1,"skipjack tuna","no","yes","Shea et al. 2025",NA,"tuna","no","yes","PNG"
"Papua New Guinea","thunnus albacares","no",1,"yellowfin tuna","no","yes","Shea et al. 2025",NA,"tuna","no","yes","PNG"
"Papua New Guinea","thunnus obesus","no",1,"bigeye tuna","no","yes","Shea et al. 2025",NA,"tuna","no","yes","PNG"
"Peru","engraulis ringens","no",0,"anchoveta","yes","no","Shea et al. 2025",NA,"anchoveta","no","yes","PER"
"Philippines","katsuwonus pelamis","no",1,"skipjack tuna","no","yes","Shea et al. 2025",NA,"skipjack tuna","no","yes","PHL"
"Philippines","thunnus albacares","no",1,"yellowfin tuna","no","yes","Shea et al. 2025",NA,"yellowfin tuna","no","yes","PHL"
"Poland","katsuwonus pelamis","no",1,"skipjack tuna","no","yes","Shea et al. 2025",NA,"tuna","no","yes","POL"
"Poland","perciformes","no",1,"tuna-like fishes nei","no","yes","Shea et al. 2025",NA,"tuna","no","yes","POL"
"Portugal","oncorhynchus mykiss","yes",1,"rainbow trout","no","yes","Shea et al. 2025",NA,"rainbow trout","no","no","PRT"
"Portugal","salmo salar","yes",1,"atlantic salmon","no","yes","Shea et al. 2025",NA,"atlantic salmon","no","no","PRT"
"Samoa","sardina pilchardus","no",1,"european pilchard","no","yes","Shea et al. 2025",NA,"european pilchard","no","yes","WSM"
"Samoa","sardinops sagax","no",1,"sardine","no","yes","Shea et al. 2025",NA,"sardine","no","yes","WSM"
"Samoa","sardinops sagax","no",1,"japanese pilchard","no","yes","Shea et al. 2025",NA,"japanese pilchard","no","yes","WSM"
"Seychelles","auxis","no",1,"frigate and bullet tunas","no","yes","Shea et al. 2025",NA,"tuna","no","yes","SYC"
"Seychelles","auxis thazard","no",1,"frigate tuna","no","yes","Shea et al. 2025",NA,"tuna","no","yes","SYC"
"Seychelles","gymnosarda unicolor","no",1,"dogtooth tuna","no","yes","Shea et al. 2025",NA,"tuna","no","yes","SYC"
"Seychelles","katsuwonus pelamis","no",1,"skipjack tuna","no","yes","Shea et al. 2025",NA,"tuna","no","yes","SYC"
"Seychelles","perciformes","no",1,"tuna-like fishes nei","no","yes","Shea et al. 2025",NA,"tuna","no","yes","SYC"
"Seychelles","thunnus albacares","no",1,"yellowfin tuna","no","yes","Shea et al. 2025",NA,"tuna","no","yes","SYC"
"Seychelles","thunnus maccoyii","no",1,"southern bluefin tuna","no","yes","Shea et al. 2025",NA,"tuna","no","yes","SYC"
"Seychelles","thunnus obesus","no",1,"bigeye tuna","no","yes","Shea et al. 2025",NA,"tuna","no","yes","SYC"
"Seychelles","thunnus thynnus","no",1,"atlantic bluefin tuna","no","yes","Shea et al. 2025",NA,"tuna","no","yes","SYC"
"Seychelles","thunnus tonggol","no",1,"longtail tuna","no","yes","Shea et al. 2025",NA,"tuna","no","yes","SYC"
"South Africa","engraulis encrasicolus","no",0,"anchovy","yes","no","Shea et al. 2025",NA,"anchovy","no","yes","ZAF"
"South Africa","etrumeus whiteheadi","no",0,"red eye","yes","no","Shea et al. 2025",NA,"red eye","no","yes","ZAF"
"South Africa","sardina pilchardus","no",1,"european sardine","no","yes","Shea et al. 2025",NA,"european sardine","no","yes","ZAF"
"South Africa","sardina pilchardus","no",1,"european pilchard","no","yes","Shea et al. 2025",NA,"european pilchard","no","yes","ZAF"
"South Africa","sardinops sagax","no",1,"californian pilchard","no","yes","Shea et al. 2025",NA,"californian pilchard","no","yes","ZAF"
"South Africa","sardinops sagax","no",1,"japanese pilchard","no","yes","Shea et al. 2025",NA,"japanese pilchard","no","yes","ZAF"
"South Africa","sardinops sagax","no",1,"pilchard","no","yes","Shea et al. 2025",NA,"pilchard","no","yes","ZAF"
"South Korea","doryteuthis gahi","no",1,"patagonian squid","no","yes","Shea et al. 2025",NA,"squid","no","yes","KOR"
"South Korea","dosidicus gigas","no",1,"jumbo flying squid","no","yes","Shea et al. 2025",NA,"squid","no","yes","KOR"
"South Korea","illex argentinus","no",1,"argentine shortfin squid","no","yes","Shea et al. 2025",NA,"squid","no","yes","KOR"
"South Korea","loligo","no",1,"common squids nei","no","yes","Shea et al. 2025",NA,"squid","no","yes","KOR"
"South Korea","martialia hyadesi","no",1,"sevenstar flying squid","no","yes","Shea et al. 2025",NA,"squid","no","yes","KOR"
"South Korea","sepiidae","no",1,"cuttlefish, bobtail squids nei","no","yes","Shea et al. 2025",NA,"squid","no","yes","KOR"
"South Korea","teuthida","no",1,"various squids nei","no","yes","Shea et al. 2025",NA,"squid","no","yes","KOR"
"South Korea","todarodes pacificus","no",1,"japanese flying squid","no","yes","Shea et al. 2025",NA,"squid","no","yes","KOR"
"Spain","aristaeomorpha foliacea","no",1,"giant red shrimp","no","yes","Shea et al. 2025",NA,"shrimp","no","yes","ESP"
"Spain","aristaeopsis edwardsiana","no",1,"scarlet shrimp","no","yes","Shea et al. 2025",NA,"shrimp","no","yes","ESP"
"Spain","aristeidae","no",1,"aristeid shrimps nei","no","yes","Shea et al. 2025",NA,"shrimp","no","yes","ESP"
"Spain","aristeus antennatus","no",1,"blue and red shrimp","no","yes","Shea et al. 2025",NA,"shrimp","no","yes","ESP"
"Spain","aristeus varidens","no",1,"striped red shrimp","no","yes","Shea et al. 2025",NA,"shrimp","no","yes","ESP"
"Spain","auxis","no",1,"frigate and bullet tunas","no","yes","Shea et al. 2025",NA,"tuna","no","yes","ESP"
"Spain","auxis rochei","no",1,"bullet tuna","no","yes","Shea et al. 2025",NA,"tuna","no","yes","ESP"
"Spain","auxis thazard","no",1,"frigate tuna","no","yes","Shea et al. 2025",NA,"tuna","no","yes","ESP"
"Spain","clupea harengus","no",1,"herring","no","yes","Shea et al. 2025",NA,"herring","no","yes","ESP"
"Spain","crangon","no",1,"crangon shrimps nei","no","yes","Shea et al. 2025",NA,"shrimp","no","yes","ESP"
"Spain","crangon crangon","no",1,"common shrimp","no","yes","Shea et al. 2025",NA,"shrimp","no","yes","ESP"
"Spain","dicentrarchus labrax","yes",1,"sea bass","no","yes","Shea et al. 2025",NA,"sea bass","no","no","ESP"
"Spain","engraulis encrasicolus","no",1,"european anchovy","no","yes","Shea et al. 2025",NA,"anchovy","no","yes","ESP"
"Spain","farfantepenaeus notialis","no",1,"southern pink shrimp","no","yes","Shea et al. 2025",NA,"shrimp","no","yes","ESP"
"Spain","katsuwonus pelamis","no",1,"skipjack tuna","no","yes","Shea et al. 2025",NA,"tuna, skipjack tuna","no","yes","ESP"
"Spain","litopenaeus vannamei","no",1,"whiteleg shrimp","no","yes","Shea et al. 2025",NA,"shrimp","no","yes","ESP"
"Spain","metapenaeus","no",1,"metapenaeus shrimps nei","no","yes","Shea et al. 2025",NA,"shrimp","no","yes","ESP"
"Spain","micromesistius poutassou","no",1,"blue whiting","no","yes","Shea et al. 2025",NA,"blue whiting","no","yes","ESP"
"Spain","oncorhynchus mykiss","yes",1,"trout","no","yes","Shea et al. 2025",NA,"trout","no","no","ESP"
"Spain","palaemon","no",1,"palaemon shrimps nei","no","yes","Shea et al. 2025",NA,"shrimp","no","yes","ESP"
"Spain","palaemonidae","no",1,"palaemonid shrimps nei","no","yes","Shea et al. 2025",NA,"shrimp","no","yes","ESP"
"Spain","pandalidae","no",1,"pandalid shrimps nei","no","yes","Shea et al. 2025",NA,"shrimp","no","yes","ESP"
"Spain","pandalus montagui","no",1,"aesop shrimp","no","yes","Shea et al. 2025",NA,"shrimp","no","yes","ESP"
"Spain","parapenaeopsis atlantica","no",1,"guinea shrimp","no","yes","Shea et al. 2025",NA,"shrimp","no","yes","ESP"
"Spain","parapenaeus longirostris","no",1,"deep-water rose shrimp","no","yes","Shea et al. 2025",NA,"shrimp","no","yes","ESP"
"Spain","pasiphaea multidentata","no",1,"pink glass shrimp","no","yes","Shea et al. 2025",NA,"shrimp","no","yes","ESP"
"Spain","pasiphaea sivado","no",1,"white glass shrimp","no","yes","Shea et al. 2025",NA,"shrimp","no","yes","ESP"
"Spain","penaeidae","no",1,"penaeid shrimps nei","no","yes","Shea et al. 2025",NA,"shrimp","no","yes","ESP"
"Spain","penaeus","no",1,"penaeus shrimps nei","no","yes","Shea et al. 2025",NA,"shrimp","no","yes","ESP"
"Spain","perciformes","no",1,"tuna-like fishes nei","no","yes","Shea et al. 2025",NA,"tuna","no","yes","ESP"
"Spain","plesionika edwardsii","no",1,"striped soldier shrimp","no","yes","Shea et al. 2025",NA,"shrimp","no","yes","ESP"
"Spain","plesionika martia","no",1,"golden shrimp","no","yes","Shea et al. 2025",NA,"shrimp","no","yes","ESP"
"Spain","salmo salar","no",1,"atlantic salmon","no","yes","Shea et al. 2025",NA,"salmon","no","yes","ESP"
"Spain","salmo salar","yes",1,"atlantic salmon","no","yes","Shea et al. 2025",NA,"salmon","no","no","ESP"
"Spain","salmo trutta","yes",1,"trout","no","yes","Shea et al. 2025",NA,"trout","no","no","ESP"
"Spain","sardina pilchardus","no",1,"european pilchard(=sardine)","no","yes","Shea et al. 2025",NA,"sardine","no","yes","ESP"
"Spain","sardinella","no",1,"sardinellas nei","no","yes","Shea et al. 2025",NA,"sardine","no","yes","ESP"
"Spain","sardinella aurita","no",1,"round sardinella","no","yes","Shea et al. 2025",NA,"sardine","no","yes","ESP"
"Spain","sardinella maderensis","no",1,"madeiran sardinella","no","yes","Shea et al. 2025",NA,"sardine","no","yes","ESP"
"Spain","scomber scombrus","no",1,"mackerel","no","yes","Shea et al. 2025",NA,"mackerel","no","yes","ESP"
"Spain","solenocera membranacea","no",1,"atlantic mud shrimp","no","yes","Shea et al. 2025",NA,"shrimp","no","yes","ESP"
"Spain","sparus aurata","yes",1,"sea bream","no","yes","Shea et al. 2025",NA,"sea bream","no","no","ESP"
"Spain","thunnus","no",1,"tunas nei","no","yes","Shea et al. 2025",NA,"tuna","no","yes","ESP"
"Spain","thunnus alalunga","no",1,"albacore tuna","no","yes","Shea et al. 2025",NA,"albacore tuna","no","yes","ESP"
"Spain","thunnus alalunga","no",1,"longfin tuna","no","yes","Shea et al. 2025",NA,"longfin tuna","no","yes","ESP"
"Spain","thunnus albacares","no",1,"yellow tuna","no","yes","Shea et al. 2025",NA,"yellow tuna","no","yes","ESP"
"Spain","thunnus albacares","no",1,"yellowfin tuna","no","yes","Shea et al. 2025",NA,"tuna, yellowfin tuna","no","yes","ESP"
"Spain","thunnus atlanticus","no",1,"blackfin tuna","no","yes","Shea et al. 2025",NA,"tuna","no","yes","ESP"
"Spain","thunnus maccoyii","no",1,"southern bluefin tuna","no","yes","Shea et al. 2025",NA,"tuna","no","yes","ESP"
"Spain","thunnus obesus","no",1,"bigeye tuna","no","yes","Shea et al. 2025",NA,"tuna","no","yes","ESP"
"Spain","thunnus thynnus","no",1,"atlantic bluefin tuna","no","yes","Shea et al. 2025",NA,"tuna","no","yes","ESP"
"Spain","thunnus thynnus","no",1,"bluefin tuna","no","yes","Shea et al. 2025",NA,"bluefin tuna","no","yes","ESP"
"Spain","thunnus tonggol","no",1,"longtail tuna","no","yes","Shea et al. 2025",NA,"tuna","no","yes","ESP"
"Taiwan","alopias","no",1,"thresher sharks nei","no","yes","Shea et al. 2025",NA,"shark","no","yes","TWN"
"Taiwan","auxis","no",1,"frigate and bullet tunas","no","yes","Shea et al. 2025",NA,"tuna","no","yes","TWN"
"Taiwan","carcharhinus falciformis","no",1,"silky shark","no","yes","Shea et al. 2025",NA,"shark","no","yes","TWN"
"Taiwan","carcharhinus longimanus","no",1,"oceanic whitetip shark","no","yes","Shea et al. 2025",NA,"shark","no","yes","TWN"
"Taiwan","elasmobranchii","no",1,"sharks, rays, skates, etc. nei","no","yes","Shea et al. 2025",NA,"shark","no","yes","TWN"
"Taiwan","hemitriakis japanica","no",1,"japanese topeshark","no","yes","Shea et al. 2025",NA,"shark","no","yes","TWN"
"Taiwan","katsuwonus pelamis","no",1,"skipjack tuna","no","yes","Shea et al. 2025",NA,"tuna","no","yes","TWN"
"Taiwan","perciformes","no",1,"tuna-like fishes nei","no","yes","Shea et al. 2025",NA,"tuna","no","yes","TWN"
"Taiwan","prionace glauca","no",1,"blue shark","no","yes","Shea et al. 2025",NA,"shark","no","yes","TWN"
"Taiwan","sphyrnidae","no",1,"hammerhead sharks, etc. nei","no","yes","Shea et al. 2025",NA,"shark","no","yes","TWN"
"Taiwan","thunnus albacares","no",1,"yellowfin tuna","no","yes","Shea et al. 2025",NA,"tuna","no","yes","TWN"
"Taiwan","thunnus maccoyii","no",1,"southern bluefin tuna","no","yes","Shea et al. 2025",NA,"tuna","no","yes","TWN"
"Taiwan","thunnus obesus","no",1,"bigeye tuna","no","yes","Shea et al. 2025",NA,"tuna","no","yes","TWN"
"Taiwan","thunnus orientalis","no",1,"pacific bluefin tuna","no","yes","Shea et al. 2025",NA,"tuna","no","yes","TWN"
"Taiwan","thunnus thynnus","no",1,"atlantic bluefin tuna","no","yes","Shea et al. 2025",NA,"tuna","no","yes","TWN"
"Taiwan","thunnus tonggol","no",1,"longtail tuna","no","yes","Shea et al. 2025",NA,"tuna","no","yes","TWN"
"Thailand","auxis","no",1,"frigate and bullet tunas","no","yes","Shea et al. 2025",NA,"tuna","no","yes","THA"
"Thailand","auxis thazard","no",1,"frigate tuna","no","yes","Shea et al. 2025",NA,"tuna, frigate tuna","no","yes","THA"
"Thailand","cirrhinus molitorella","yes",1,"mud carp","no","yes","Shea et al. 2025",NA,"mud carp","no","no","THA"
"Thailand","clarias batrachus","yes",1,"walking catfish","no","yes","Shea et al. 2025",NA,"walking catfish","no","no","THA"
"Thailand","ctenopharyngodon idella","yes",1,"grass crap","no","yes","Shea et al. 2025",NA,"grass crap","no","no","THA"
"Thailand","decapterus maruadsi","no",1,"japanese scad","no","yes","Shea et al. 2025",NA,"japanese scad","no","yes","THA"
"Thailand","euthynnus affinis","no",1,"kawakawa","no","yes","Shea et al. 2025",NA,"kawakawa","no","yes","THA"
"Thailand","katsuwonus pelamis","no",1,"skipjack tuna","no","yes","Shea et al. 2025",NA,"tuna, skipjack tuna","no","yes","THA"
"Thailand","limanda aspera","no",1,"yellowfin sole","no","yes","Shea et al. 2025",NA,"yellowfin sole","no","yes","THA"
"Thailand","oncorhynchus gorbuscha","no",1,"pink salmon","no","yes","Shea et al. 2025",NA,"pink salmon","no","yes","THA"
"Thailand","oncorhynchus keta","no",1,"chum salmon","no","yes","Shea et al. 2025",NA,"chum salmon","no","yes","THA"
"Thailand","oncorhynchus keta","yes",1,"chum salmon","no","yes","Shea et al. 2025",NA,"chum salmon","no","no","THA"
"Thailand","oncorhynchus kisutch","yes",1,"coho salmon","no","yes","Shea et al. 2025",NA,"coho salmon","no","no","THA"
"Thailand","oncorhynchus mykiss","yes",1,"rainbow trout","no","yes","Shea et al. 2025",NA,"rainbow trout","no","no","THA"
"Thailand","oncorhynchus nerka","no",1,"sockeye salmon","no","yes","Shea et al. 2025",NA,"sockeye salmon","no","yes","THA"
"Thailand","oreochromis niloticus","yes",1,"nile tilapia","no","yes","Shea et al. 2025",NA,"nile tilapia","no","no","THA"
"Thailand","pangasius hypophthalmas","yes",1,"stripped catfish","no","yes","Shea et al. 2025",NA,"stripped catfish","no","no","THA"
"Thailand","perciformes","no",1,"tuna-like fishes nei","no","yes","Shea et al. 2025",NA,"tuna","no","yes","THA"
"Thailand","probarbus jullieni","yes",1,"seven-striped barb","no","yes","Shea et al. 2025",NA,"seven-striped barb","no","no","THA"
"Thailand","rastrelliger kanagurta","no",1,"indian mackerel","no","yes","Shea et al. 2025",NA,"indian mackerel","no","yes","THA"
"Thailand","salmo salar","yes",1,"atlantic salmon","no","yes","Shea et al. 2025",NA,"atlantic salmon","no","no","THA"
"Thailand","sardinella longiceps","no",1,"indian oil sardine","no","yes","Shea et al. 2025",NA,"indian oil sardine","no","yes","THA"
"Thailand","sardinops sagax","no",1,"japanese pilchard","no","yes","Shea et al. 2025",NA,"japanese pilchard","no","yes","THA"
"Thailand","scomber japonicus","no",1,"chub mackerel","no","yes","Shea et al. 2025",NA,"chub mackerel","no","yes","THA"
"Thailand","scomber japonicus","no",1,"pacific chub mackerel","no","yes","Shea et al. 2025",NA,"pacific chub mackerel","no","yes","THA"
"Thailand","scomber scombrus","no",1,"atlantic mackerel","no","yes","Shea et al. 2025",NA,"atlantic mackerel","no","yes","THA"
"Thailand","seriola quinqueradiata","no",1,"japanese amberjack / yellowtail / buri","no","yes","Shea et al. 2025",NA,"japanese amberjack / yellowtail / buri","no","yes","THA"
"Thailand","seriola quinqueradiata","no",1,"yellowtall","no","yes","Shea et al. 2025",NA,"yellowtall","no","yes","THA"
"Thailand","thunnus alalunga","no",1,"albacore tuna","no","yes","Shea et al. 2025",NA,"albacore tuna","no","yes","THA"
"Thailand","thunnus albacares","no",1,"yellowfin tuna","no","yes","Shea et al. 2025",NA,"tuna, yellowfin tuna","no","yes","THA"
"Thailand","thunnus maccoyii","no",1,"southern bluefin tuna","no","yes","Shea et al. 2025",NA,"tuna","no","yes","THA"
"Thailand","thunnus obesus","no",1,"bigeye tuna","no","yes","Shea et al. 2025",NA,"tuna, bigeye tuna","no","yes","THA"
"Thailand","thunnus tonggol","no",1,"longtail tuna","no","yes","Shea et al. 2025",NA,"tuna, longtail tuna","no","yes","THA"
"Tunisia","katsuwonus pelamis","no",1,"skipjack tuna","no","yes","Shea et al. 2025",NA,"skipjack tuna","no","yes","TUN"
"Tunisia","thunnus alalunga","no",1,"albacore tuna","no","yes","Shea et al. 2025",NA,"albacore tuna","no","yes","TUN"
"Tunisia","thunnus albacares","no",1,"yellowfin tuna","no","yes","Shea et al. 2025",NA,"yellowfin tuna","no","yes","TUN"
"Tunisia","thunnus obesus","no",1,"bigeye tuna","no","yes","Shea et al. 2025",NA,"bigeye tuna","no","yes","TUN"
"Turkey","auxis","no",1,"frigate and bullet tunas","no","yes","Shea et al. 2025",NA,"tuna","no","yes","TUR"
"Turkey","auxis rochei","no",1,"bullet tuna","no","yes","Shea et al. 2025",NA,"tuna","no","yes","TUR"
"Turkey","engraulis encrasicolus","no",0,"black sea anchovy","yes","no","Shea et al. 2025",NA,"black sea anchovy","no","yes","TUR"
"Turkey","sardina pilchardus","no",1,"european pilchard(=sardine)","no","yes","Shea et al. 2025",NA,"sardine","no","yes","TUR"
"Turkey","thunnus thynnus","no",1,"atlantic bluefin tuna","no","yes","Shea et al. 2025",NA,"tuna","no","yes","TUR"
"United Arab Emirates","engraulis encrasicolus","no",0,"black sea anchovy","yes","no","Shea et al. 2025",NA,"black sea anchovy","no","yes","ARE"
"United Kingdom","allothunnus fallai","no",1,"slender tuna","no","yes","Shea et al. 2025",NA,"tuna","no","yes","GBR"
"United Kingdom","auxis","no",1,"frigate and bullet tunas","no","yes","Shea et al. 2025",NA,"tuna","no","yes","GBR"
"United Kingdom","auxis thazard","no",1,"frigate tuna","no","yes","Shea et al. 2025",NA,"tuna","no","yes","GBR"
"United Kingdom","brosme brosme","no",1,"tusk","no","yes","Shea et al. 2025",NA,"tusk","no","yes","GBR"
"United Kingdom","capros aper","no",0,"boarfish","yes","no","Shea et al. 2025",NA,"boarfish","no","yes","GBR"
"United Kingdom","chelidonichthys cuculus","no",1,"red gurnard","no","yes","Shea et al. 2025",NA,"red gurnard","no","yes","GBR"
"United Kingdom","clupea harengus","no",1,"herring","no","yes","Shea et al. 2025",NA,"herring","no","yes","GBR"
"United Kingdom","gadus morhua","no",1,"cod","no","yes","Shea et al. 2025",NA,"cod","no","yes","GBR"
"United Kingdom","glyptocephalus cynoglossus","no",1,"witch","no","yes","Shea et al. 2025",NA,"witch","no","yes","GBR"
"United Kingdom","gymnosarda unicolor","no",1,"dogtooth tuna","no","yes","Shea et al. 2025",NA,"tuna","no","yes","GBR"
"United Kingdom","katsuwonus pelamis","no",1,"skipjack tuna","no","yes","Shea et al. 2025",NA,"tuna","no","yes","GBR"
"United Kingdom","lepidorhombus","no",1,"megrims nei","no","yes","Shea et al. 2025",NA,"megrim","no","yes","GBR"
"United Kingdom","lepidorhombus boscii","no",1,"four-spot megrim","no","yes","Shea et al. 2025",NA,"megrim","no","yes","GBR"
"United Kingdom","lepidorhombus whiffiagonis","no",1,"megrim","no","yes","Shea et al. 2025",NA,"megrim","no","yes","GBR"
"United Kingdom","lepidorhombus whiffiagonis","no",1,"megrim","no","yes","Shea et al. 2025",NA,"megrim","no","yes","GBR"
"United Kingdom","loligo vulgaris","no",1,"squid","no","yes","Shea et al. 2025",NA,"squid","no","yes","GBR"
"United Kingdom","lophius budegassa","no",1,"anglerfish","no","yes","Shea et al. 2025",NA,"anglerfish","no","yes","GBR"
"United Kingdom","lophius piscatorius","no",1,"anglerfish","no","yes","Shea et al. 2025",NA,"anglerfish","no","yes","GBR"
"United Kingdom","melanogrammus aeglefinus","no",1,"haddock","no","yes","Shea et al. 2025",NA,"haddock","no","yes","GBR"
"United Kingdom","merlangius merlangus","no",1,"whiting","no","yes","Shea et al. 2025",NA,"whiting","no","yes","GBR"
"United Kingdom","merluccius merluccius","no",1,"european hake","no","yes","Shea et al. 2025",NA,"european hake","no","yes","GBR"
"United Kingdom","merluccius merluccius","no",1,"hake","no","yes","Shea et al. 2025",NA,"hake","no","yes","GBR"
"United Kingdom","microstomus kitt","no",1,"lemon sole","no","yes","Shea et al. 2025",NA,"lemon sole","no","yes","GBR"
"United Kingdom","molva molva","no",1,"ling","no","yes","Shea et al. 2025",NA,"ling","no","yes","GBR"
"United Kingdom","nephrops norvegicus","no",1,"norwegian lobster","no","yes","Shea et al. 2025",NA,"norwegian lobster","no","yes","GBR"
"United Kingdom","oncorhynchus mykiss","yes",1,"trout","no","yes","Shea et al. 2025",NA,"trout","no","no","GBR"
"United Kingdom","pecten maximus","no",1,"scallop","no","yes","Shea et al. 2025",NA,"scallop","no","yes","GBR"
"United Kingdom","perciformes","no",1,"tuna-like fishes nei","no","yes","Shea et al. 2025",NA,"tuna","no","yes","GBR"
"United Kingdom","pleuronectes platessa","no",1,"plaice","no","yes","Shea et al. 2025",NA,"plaice","no","yes","GBR"
"United Kingdom","pollachius pollachius","no",1,"pollock","no","yes","Shea et al. 2025",NA,"pollock","no","yes","GBR"
"United Kingdom","pollachius virens","no",1,"saithe","no","yes","Shea et al. 2025",NA,"saithe","no","yes","GBR"
"United Kingdom","raja clavata","no",1,"thornback ray","no","yes","Shea et al. 2025",NA,"thornback ray","no","yes","GBR"
"United Kingdom","reinhardtius hippoglossoides","no",1,"greenland halibut","no","yes","Shea et al. 2025",NA,"greenland halibut","no","yes","GBR"
"United Kingdom","salmo salar","yes",1,"salmon","no","yes","Shea et al. 2025",NA,"salmon","no","no","GBR"
"United Kingdom","sardina pilchardus","no",0.5,"pilchard","no","yes","Shea et al. 2025",NA,"pilchard","no","yes","GBR"
"United Kingdom","sardina pilchardus","no",0.5,"sardine","yes","no","Shea et al. 2025",NA,"sardine","no","yes","GBR"
"United Kingdom","scomber scombrus","no",0.5,"mackerel","no","yes","Shea et al. 2025",NA,"mackerel","no","yes","GBR"
"United Kingdom","scomber scombrus","no",0.5,"mackerel","yes","no","Shea et al. 2025",NA,"mackerel","no","yes","GBR"
"United Kingdom","scyliorhinus canicula","no",1,"lesser-spotted dogfish","no","yes","Shea et al. 2025",NA,"lesser-spotted dogfish","no","yes","GBR"
"United Kingdom","sprattus sprattus","no",1,"sprat","no","yes","Shea et al. 2025",NA,"sprat","no","yes","GBR"
"United Kingdom","thunnus albacares","no",1,"yellowfin tuna","no","yes","Shea et al. 2025",NA,"tuna","no","yes","GBR"
"United Kingdom","thunnus atlanticus","no",1,"blackfin tuna","no","yes","Shea et al. 2025",NA,"tuna","no","yes","GBR"
"United Kingdom","thunnus maccoyii","no",1,"southern bluefin tuna","no","yes","Shea et al. 2025",NA,"tuna","no","yes","GBR"
"United Kingdom","thunnus obesus","no",1,"bigeye tuna","no","yes","Shea et al. 2025",NA,"tuna","no","yes","GBR"
"United Kingdom","thunnus thynnus","no",1,"atlantic bluefin tuna","no","yes","Shea et al. 2025",NA,"tuna","no","yes","GBR"
"United Kingdom","trachurus trachurus","no",1,"horse mackerel","no","yes","Shea et al. 2025",NA,"horse mackerel","no","yes","GBR"
"United States of America","brevoortia patronus","no",0,"gulf menhaden","yes","no","Shea et al. 2025",NA,"gulf menhaden","no","yes","USA"
"United States of America","gadus macrocephalus","no",1,"cod","no","yes","Shea et al. 2025",NA,"cod","no","yes","USA"
"United States of America","gadus macrocephalus","no",1,"pacific cod","no","yes","Shea et al. 2025",NA,"pacific cod","no","yes","USA"
"United States of America","hippoglossus hippoglossus","no",1,"atlantic halibut","no","yes","Shea et al. 2025",NA,"halibut","no","yes","USA"
"United States of America","hippoglossus stenolepis","no",1,"pacific halibut","no","yes","Shea et al. 2025",NA,"halibut","no","yes","USA"
"United States of America","merlangius merlangus","no",0,"menhaden","yes","no","Shea et al. 2025",NA,"menhaden","no","yes","USA"
"United States of America","merlangius merlangus","no",0,"whiting","yes","no","Shea et al. 2025",NA,"whiting","no","yes","USA"
"United States of America","oncorhynchus gorbuscha","no",1,"pink(=humpback) salmon","no","yes","Shea et al. 2025",NA,"salmon","no","yes","USA"
"United States of America","oncorhynchus keta","no",1,"chum(=keta=dog) salmon","no","yes","Shea et al. 2025",NA,"salmon","no","yes","USA"
"United States of America","oncorhynchus kisutch","no",1,"coho(=silver) salmon","no","yes","Shea et al. 2025",NA,"salmon","no","yes","USA"
"United States of America","oncorhynchus nerka","no",1,"sockeye(=red) salmon","no","yes","Shea et al. 2025",NA,"salmon","no","yes","USA"
"United States of America","oncorhynchus tshawytscha","no",1,"chinook(=spring=king) salmon","no","yes","Shea et al. 2025",NA,"salmon","no","yes","USA"
"United States of America","paralichthys","no",1,"bastard halibuts nei","no","yes","Shea et al. 2025",NA,"halibut","no","yes","USA"
"United States of America","pollachius virens","no",1,"pollock","no","yes","Shea et al. 2025",NA,"pollock","no","yes","USA"
"United States of America","reinhardtius hippoglossoides","no",1,"greenland halibut","no","yes","Shea et al. 2025",NA,"halibut","no","yes","USA"
"United States of America","salmo salar","no",1,"atlantic salmon","no","yes","Shea et al. 2025",NA,"salmon","no","yes","USA"
"United States of America","urophycis chuss","no",1,"red hake","no","yes","Shea et al. 2025",NA,"hake","no","yes","USA"
"United States of America","urophycis tenuis","no",1,"white hake","no","yes","Shea et al. 2025",NA,"hake","no","yes","USA"
"Vietnam","atule mate","no",0,"yellowtail scad","yes","no","Shea et al. 2025",NA,"yellowtail scad","no","yes","VNM"
"Vietnam","gadus chalcogrammus","no",1,"alaska pollack","no","yes","Shea et al. 2025",NA,"alaska pollack","no","yes","VNM"
"Vietnam","gadus macrocephalus","no",1,"pacific cod","no","yes","Shea et al. 2025",NA,"pacific cod","no","yes","VNM"
"Vietnam","gadus morhua","no",1,"atlantic cod","no","yes","Shea et al. 2025",NA,"atlantic cod","no","yes","VNM"
"Vietnam","katsuwonus pelamis","no",1,"skipjack tuna","no","yes","Shea et al. 2025",NA,"skipjack tuna","no","yes","VNM"
"Vietnam","lates calcarifer","yes",1,"barramundi","no","yes","Shea et al. 2025",NA,"barramundi","no","no","VNM"
"Vietnam","melanogrammus aeglefinus","no",1,"haddock","no","yes","Shea et al. 2025",NA,"haddock","no","yes","VNM"
"Vietnam","pangasius hypophthalmas","yes",1,"pangasius tra","no","yes","Shea et al. 2025",NA,"pangasius tra","no","no","VNM"
"Vietnam","saurida tumbil","no",0,"greater lizardfish","yes","no","Shea et al. 2025",NA,"greater lizardfish","no","yes","VNM"
"Vietnam","selar crumenophthalmus","no",0,"bigeye scad","yes","no","Shea et al. 2025",NA,"bigeye scad","no","yes","VNM"
"Vietnam","thunnus alalunga","no",1,"albacore tuna","no","yes","Shea et al. 2025",NA,"albacore tuna","no","yes","VNM"
"Vietnam","thunnus albacares","no",1,"yellowfin tuna","no","yes","Shea et al. 2025",NA,"yellowfin tuna","no","yes","VNM"
"Vietnam","trachinocephalus myops","no",0,"blunt-nose lizardfish","yes","no","Shea et al. 2025",NA,"blunt-nose lizardfish","no","yes","VNM"
"Vietnam","upeneus sulphureus","no",0,"sulphur goatfish","yes","no","Shea et al. 2025",NA,"sulphur goatfish","no","yes","VNM"
"Yemen","litopenaeus vannamei","yes",1,"whiteleg shrimp","no","yes","Shea et al. 2025",NA,"whiteleg shrimp","no","no","YEM"
"Yemen","penaeus monodon","yes",1,"giant tiger prawn","no","yes","Shea et al. 2025",NA,"giant tiger prawn","no","no","YEM"
