"country","common_name","sciname","aquaculture","wholefish","trimmings","data_source_feed","data_source_fao_area_country","feed_report_spp_name","trash_fish","capture","source_country_iso3c"
"Australia",NA,NA,"no","no","yes","Shea et al. 2025",NA,NA,"no","yes","AUS"
"Australia","mackerel","scomber scombrus","no","yes","no","Shea et al. 2025",NA,"mackerel","no","yes","AUS"
"Australia",NA,NA,"no","yes","no","Shea et al. 2025",NA,NA,"no","yes","AUS"
"Brazil",NA,NA,"no","no","yes","Shea et al. 2025",NA,NA,"no","yes","BRA"
"Canada","pacific herring","clupea pallasii","no","no","yes","Shea et al. 2025",NA,"pacific herring","no","yes","CAN"
"Canada","albacore tuna","thunnus alalunga","no","no","yes","Shea et al. 2025",NA,"albacore tuna","no","yes","CAN"
"Canada","sardine","clupea harengus","no","no","yes","Shea et al. 2025",NA,"sardine","no","yes","CAN"
"Canada","mackerel","scomber scombrus","no","no","yes","Shea et al. 2025",NA,"mackerel","no","yes","CAN"
"Canada","anchovy","engraulis mordax","no","no","yes","Shea et al. 2025",NA,"anchovy","no","yes","CAN"
"Canada","bigeye tuna","thunnus obesus","no","no","yes","Shea et al. 2025",NA,"bigeye tuna","no","yes","CAN"
"Canada","yellowfin tuna","thunnus albacares","no","no","yes","Shea et al. 2025",NA,"yellowfin tuna","no","yes","CAN"
"Canada","chub mackerel","scomber japonicus","no","no","yes","Shea et al. 2025",NA,"chub mackerel","no","yes","CAN"
"Canada","peruvian moonfish","selene peruviana","no","no","yes","Shea et al. 2025",NA,"peruvian moonfish","no","yes","CAN"
"Canada","pacific bumper","chloroscombrus orqueta","no","no","yes","Shea et al. 2025",NA,"pacific bumper","no","yes","CAN"
"Canada","pacific anchoveta","cetengraulis mysticetus","no","no","yes","Shea et al. 2025",NA,"pacific anchoveta","no","yes","CAN"
"Denmark","cod","gadus morhua","no","no","yes","Shea et al. 2025",NA,"cod","no","yes","DNK"
"Denmark","saithe","pollachius virens","no","no","yes","Shea et al. 2025",NA,"saithe","no","yes","DNK"
"Denmark","hake","merluccius merluccius","no","no","yes","Shea et al. 2025",NA,"hake","no","yes","DNK"
"Denmark","whiting","merlangius merlangus","no","no","yes","Shea et al. 2025",NA,"whiting","no","yes","DNK"
"Denmark","norway pout","trisopterus esmarkii","no","yes","no","Shea et al. 2025",NA,"norway pout","no","yes","DNK"
"Denmark","plaice","pleuronectes platessa","no","no","yes","Shea et al. 2025",NA,"plaice","no","yes","DNK"
"Denmark","lemon sole","microstomus kitt","no","no","yes","Shea et al. 2025",NA,"lemon sole","no","yes","DNK"
"Denmark","haddock","melanogrammus aeglefinus","no","no","yes","Shea et al. 2025",NA,"haddock","no","yes","DNK"
"Denmark","mackerel","scomber scombrus","no","no","yes","Shea et al. 2025",NA,"mackerel","no","yes","DNK"
"Denmark","herring","clupea harengus","no","no","yes","Shea et al. 2025",NA,"herring","no","yes","DNK"
"Denmark","herring","clupea harengus","no","yes","no","Shea et al. 2025",NA,"herring","no","yes","DNK"
"Denmark","sandeel","ammodytes marinus","no","yes","no","Shea et al. 2025",NA,"sandeel","no","yes","DNK"
"Denmark","greater weever","trachinus draco","no","no","yes","Shea et al. 2025",NA,"greater weever","no","yes","DNK"
"Denmark","boarfish","capros aper","no","yes","no","Shea et al. 2025",NA,"boarfish","no","yes","DNK"
"Denmark","sardine","sardina pilchardus","no","no","yes","Shea et al. 2025",NA,"sardine","no","yes","DNK"
"Denmark","sprat","sprattus sprattus","no","yes","no","Shea et al. 2025",NA,"sprat","no","yes","DNK"
"Denmark","flounder","platichthys flesus","no","no","yes","Shea et al. 2025",NA,"flounder","no","yes","DNK"
"Denmark","salmon","salmo salar","yes","no","yes","Shea et al. 2025",NA,"salmon","no","no","DNK"
"Denmark","trout","oncorhynchus mykiss","yes","no","yes","Shea et al. 2025",NA,"trout","no","no","DNK"
"Denmark","pollock","pollachius virens","no","no","yes","Shea et al. 2025",NA,"pollock","no","yes","DNK"
"Denmark","rosefish","sebastes viviparus","no","no","yes","Shea et al. 2025",NA,"rosefish","no","yes","DNK"
"ElSalvador","skipjack tuna","katsuwonus pelamis","no","no","yes","Shea et al. 2025",NA,"skipjack tuna","no","yes","SLV"
"ElSalvador","yellowfin tuna","thunnus albacares","no","no","yes","Shea et al. 2025",NA,"yellowfin tuna","no","yes","SLV"
"ElSalvador","bigeye tuna","thunnus obesus","no","no","yes","Shea et al. 2025",NA,"bigeye tuna","no","yes","SLV"
"ElSalvador","albacore tuna","thunnus alalunga","no","no","yes","Shea et al. 2025",NA,"albacore tuna","no","yes","SLV"
"Estonia","herring","clupea harengus","no","yes","no","Shea et al. 2025",NA,"herring","no","yes","EST"
"Estonia","herring","clupea harengus","no","no","yes","Shea et al. 2025",NA,"herring","no","yes","EST"
"Estonia","baltic sprat","sprattus sprattus","no","yes","no","Shea et al. 2025",NA,"baltic sprat","no","yes","EST"
"Estonia","baltic sprat","sprattus sprattus","no","no","yes","Shea et al. 2025",NA,"baltic sprat","no","yes","EST"
"Faroe Islands","atlantic salmon","salmo salar","yes","no","yes","Shea et al. 2025",NA,"atlantic salmon","no","no","FRO"
"Faroe Islands","herring","clupea harengus","no","no","yes","Shea et al. 2025",NA,"herring","no","yes","FRO"
"Faroe Islands","mackerel","scomber scombrus","no","no","yes","Shea et al. 2025",NA,"mackerel","no","yes","FRO"
"Finland","herring","clupea harengus","no","yes","no","Shea et al. 2025",NA,"herring","no","yes","FIN"
"Finland","baltic sprat","sprattus sprattus","no","yes","no","Shea et al. 2025",NA,"baltic sprat","no","yes","FIN"
"France","salmon","salmo salar","yes","no","yes","Shea et al. 2025",NA,"salmon","no","no","FRA"
"France","saithe","pollachius virens","no","yes","no","Shea et al. 2025",NA,"saithe","no","yes","FRA"
"France","herring","clupea harengus","no","yes","no","Shea et al. 2025",NA,"herring","no","yes","FRA"
"France","anchovy","engraulis ringens","no","yes","no","Shea et al. 2025",NA,"anchovy","no","yes","FRA"
"France","sardine","sardina pilchardus","no","yes","no","Shea et al. 2025",NA,"sardine","no","yes","FRA"
"France","sprat","sprattus sprattus","no","yes","no","Shea et al. 2025",NA,"sprat","no","yes","FRA"
"France","cod","gadus morhua","no","no","yes","Shea et al. 2025",NA,"cod","no","yes","FRA"
"France","rainbow trout","oncorhynchus mykiss","yes","no","yes","Shea et al. 2025",NA,"rainbow trout","no","no","FRA"
"France","atlantic salmon","salmo salar","yes","no","yes","Shea et al. 2025",NA,"atlantic salmon","no","no","FRA"
"France","black scabbardfish","aphanopus carbo","no","no","yes","Shea et al. 2025",NA,"black scabbardfish","no","yes","FRA"
"France","pollack","pollachius pollachius","no","no","yes","Shea et al. 2025",NA,"pollack","no","yes","FRA"
"France","ling","molva molva","no","no","yes","Shea et al. 2025",NA,"ling","no","yes","FRA"
"France","european hake","merluccius merluccius","no","no","yes","Shea et al. 2025",NA,"european hake","no","yes","FRA"
"France","blue ling","molva dypterygia","no","no","yes","Shea et al. 2025",NA,"blue ling","no","yes","FRA"
"France","saithe","pollachius virens","no","no","yes","Shea et al. 2025",NA,"saithe","no","yes","FRA"
"France","beaked redfish","sebastes mentella","no","no","yes","Shea et al. 2025",NA,"beaked redfish","no","yes","FRA"
"France","pouting","trisopterus luscus","no","no","yes","Shea et al. 2025",NA,"pouting","no","yes","FRA"
"France","black seabream","spondyliosoma cantharus","no","no","yes","Shea et al. 2025",NA,"black seabream","no","yes","FRA"
"France","whiting","merlangius merlangus","no","no","yes","Shea et al. 2025",NA,"whiting","no","yes","FRA"
"France","haddock","melanogrammus aeglefinus","no","no","yes","Shea et al. 2025",NA,"haddock","no","yes","FRA"
"France","plaice","pleuronectes platessa","no","no","yes","Shea et al. 2025",NA,"plaice","no","yes","FRA"
"France","herring","clupea harengus","no","no","yes","Shea et al. 2025",NA,"herring","no","yes","FRA"
"France","mackerel","scomber scombrus","no","no","yes","Shea et al. 2025",NA,"mackerel","no","yes","FRA"
"France","greenland halibut","reinhardtius hippoglossoides","no","no","yes","Shea et al. 2025",NA,"greenland halibut","no","yes","FRA"
"France","anglerfish","lophius piscatorius","no","no","yes","Shea et al. 2025",NA,"anglerfish","no","yes","FRA"
"France","rainbow trout","oncorhynchus mykiss","yes","no","yes","Shea et al. 2025",NA,"rainbow trout","no","no","FRA"
"France","turbot","scophthalmus maximus","no","no","yes","Shea et al. 2025",NA,"turbot","no","yes","FRA"
"France","john dory","zeus faber","no","no","yes","Shea et al. 2025",NA,"john dory","no","yes","FRA"
"France","red mullet","mullus surmuletus","no","no","yes","Shea et al. 2025",NA,"red mullet","no","yes","FRA"
"France","scallop","pecten maximus","no","no","yes","Shea et al. 2025",NA,"scallop","no","yes","FRA"
"France","european sardine","sardina pilchardus","no","no","yes","Shea et al. 2025",NA,"european sardine","no","yes","FRA"
"France","sole","solea solea","no","no","yes","Shea et al. 2025",NA,"sole","no","yes","FRA"
"France","squid","loligo vulgaris","no","no","yes","Shea et al. 2025",NA,"squid","no","yes","FRA"
"Gambia","flat sardinella","sardinella maderensis","no","yes","no","Shea et al. 2025",NA,"flat sardinella","no","yes","GMB"
"Gambia","bonga shad","ethmalosa fimbriata","no","yes","no","Shea et al. 2025",NA,"bonga shad","no","yes","GMB"
"Gambia","round sardinella","sardinella aurita","no","yes","no","Shea et al. 2025",NA,"round sardinella","no","yes","GMB"
"Georgia","european anchovy","engraulis encrasicolus","no","yes","no","Shea et al. 2025",NA,"european anchovy","no","yes","GEO"
"Germany","black sea anchovy","engraulis encrasicolus","no","yes","no","Shea et al. 2025",NA,"black sea anchovy","no","yes","DEU"
"Germany",NA,NA,"no","no","yes","Shea et al. 2025",NA,NA,"no","yes","DEU"
"Iceland","atlantic herring","clupea harengus","no","no","yes","Shea et al. 2025",NA,"atlantic herring","no","yes","ISL"
"Iceland","mackerel","scomber scombrus","no","no","yes","Shea et al. 2025",NA,"mackerel","no","yes","ISL"
"Iceland","blue whiting","micromesistius poutassou","no","yes","no","Shea et al. 2025",NA,"blue whiting","no","yes","ISL"
"Latvia","herring","clupea harengus","no","no","yes","Shea et al. 2025",NA,"herring","no","yes","LVA"
"Latvia","sprat","sprattus sprattus","no","no","yes","Shea et al. 2025",NA,"sprat","no","yes","LVA"
"Latvia","salmon","salmo salar","yes","no","yes","Shea et al. 2025",NA,"salmon","no","no","LVA"
"Latvia","cod","gadus morhua","no","no","yes","Shea et al. 2025",NA,"cod","no","yes","LVA"
"Lithuania","salmon","salmo salar","yes","no","yes","Shea et al. 2025",NA,"salmon","no","no","LTU"
"Mauritania","sardine","sardina pilchardus","no","yes","no","Shea et al. 2025",NA,"sardine","no","yes","MRT"
"Mauritania","madeiran sardinella","sardinella maderensis","no","yes","no","Shea et al. 2025",NA,"madeiran sardinella","no","yes","MRT"
"Mauritania",NA,NA,"no","no","yes","Shea et al. 2025",NA,NA,"no","yes","MRT"
"Mauritius","bigeye tuna","thunnus obesus","no","no","yes","Shea et al. 2025",NA,"bigeye tuna","no","yes","MUS"
"Mauritius","skipjack tuna","katsuwonus pelamis","no","no","yes","Shea et al. 2025",NA,"skipjack tuna","no","yes","MUS"
"Mauritius","yellowfin tuna","thunnus albacares","no","no","yes","Shea et al. 2025",NA,"yellowfin tuna","no","yes","MUS"
"Mauritius","albacore tuna","thunnus alalunga","no","no","yes","Shea et al. 2025",NA,"albacore tuna","no","yes","MUS"
"Mexico","monterrey sardine","sardinops sagax","no","yes","no","Shea et al. 2025",NA,"monterrey sardine","no","yes","MEX"
"Mexico","pacific thread herring","opisthonema libertate","no","yes","no","Shea et al. 2025",NA,"pacific thread herring","no","yes","MEX"
"Mexico","yellowfin tuna","thunnus albacares","no","no","yes","Shea et al. 2025",NA,"yellowfin tuna","no","yes","MEX"
"Mexico","skipjack tuna","katsuwonus pelamis","no","no","yes","Shea et al. 2025",NA,"skipjack tuna","no","yes","MEX"
"Mexico","pacific chub mackerel","scomber japonicus","no","yes","no","Shea et al. 2025",NA,"pacific chub mackerel","no","yes","MEX"
"Mexico","pacific jack mackerel","trachurus symmetricus","no","yes","no","Shea et al. 2025",NA,"pacific jack mackerel","no","yes","MEX"
"Mexico","pacific anchoveta","cetengraulis mysticetus","no","yes","no","Shea et al. 2025",NA,"pacific anchoveta","no","yes","MEX"
"Mexico","shrimp","penaeus vannamei","yes","no","yes","Shea et al. 2025",NA,"shrimp","no","no","MEX"
"Mexico","south american pilchard","sardinops sagax","no","yes","no","Shea et al. 2025",NA,"south american pilchard","no","yes","MEX"
"Mexico","mackerel","scomber japonicus","no","yes","no","Shea et al. 2025",NA,"mackerel","no","yes","MEX"
"Mexico","pacific anchoveta","cetengraulis mysticetus","no","yes","no","Shea et al. 2025",NA,"pacific anchoveta","no","yes","MEX"
"Mexico","anchovy","engraulis mordax","no","yes","no","Shea et al. 2025",NA,"anchovy","no","yes","MEX"
"Mexico","sardine japanese","etrumeus teres","no","yes","no","Shea et al. 2025",NA,"sardine japanese","no","yes","MEX"
"Mexico","charro sardine","trachurus symmetricus","no","no","yes","Shea et al. 2025",NA,"charro sardine","no","yes","MEX"
"Mexico","makerel","scomber japonicus","no","no","yes","Shea et al. 2025",NA,"makerel","no","yes","MEX"
"Mexico","japanese sardine","etrumeus teres","no","yes","no","Shea et al. 2025",NA,"japanese sardine","no","yes","MEX"
"Mexico","japanese sardine","etrumeus sadina","no","yes","no","Shea et al. 2025",NA,"japanese sardine","no","yes","MEX"
"Mexico","japanese sardine","etrumeus whiteheadi","no","yes","no","Shea et al. 2025",NA,"japanese sardine","no","yes","MEX"
"Mexico","red eye round herring","etrumeus whiteheadi","no","yes","no","Shea et al. 2025",NA,"red eye round herring","no","yes","MEX"
"Mexico","bocona sardine","cetengraulis mysticetus","no","yes","no","Shea et al. 2025",NA,"bocona sardine","no","yes","MEX"
"Mexico","anchoveta","engraulis mordax","no","yes","no","Shea et al. 2025",NA,"anchoveta","no","yes","MEX"
"Morocco","mackerel","scomber japonicus","no","yes","no","Shea et al. 2025",NA,"mackerel","no","yes","MAR"
"Morocco","sardine","sardina pilchardus","no","yes","no","Shea et al. 2025",NA,"sardine","no","yes","MAR"
"Morocco","european anchovy","engraulis encrasicolus","no","yes","no","Shea et al. 2025",NA,"european anchovy","no","yes","MAR"
"Morocco","sardine","sardina pilchardus","no","no","yes","Shea et al. 2025",NA,"sardine","no","yes","MAR"
"Morocco","atlantic chub mackerel","scomber colias","no","no","yes","Shea et al. 2025",NA,"atlantic chub mackerel","no","yes","MAR"
"Morocco","horse mackerel","trachurus trachurus","no","no","yes","Shea et al. 2025",NA,"horse mackerel","no","yes","MAR"
"Morocco","round sardinella","sardinella aurita","no","no","yes","Shea et al. 2025",NA,"round sardinella","no","yes","MAR"
"Morocco","european pilchard","sardina pilchardus","no","no","yes","Shea et al. 2025",NA,"european pilchard","no","yes","MAR"
"Morocco","round sardinella","sardinella aurita","no","yes","no","Shea et al. 2025",NA,"round sardinella","no","yes","MAR"
"Morocco","horse mackerel","trachurus trachurus","no","no","yes","Shea et al. 2025",NA,"horse mackerel","no","yes","MAR"
"Morocco","chub mackerel","scomber colias","no","no","yes","Shea et al. 2025",NA,"chub mackerel","no","yes","MAR"
"Namibia","horse mackerel","trachurus trachurus","no","yes","no","Shea et al. 2025",NA,"horse mackerel","no","yes","NAM"
"Panama","pacific anchoveta","cetengraulis mysticetus","no","yes","no","Shea et al. 2025",NA,"pacific anchoveta","no","yes","PAN"
"Peru","anchoveta","engraulis ringens","no","yes","no","Shea et al. 2025",NA,"anchoveta","no","yes","PER"
"Peru",NA,NA,"no","no","yes","Shea et al. 2025",NA,NA,"no","yes","PER"
"Philippines",NA,NA,"no","no","yes","Shea et al. 2025",NA,NA,"no","yes","PHL"
"Philippines","yellowfin tuna","thunnus albacares","no","no","yes","Shea et al. 2025",NA,"yellowfin tuna","no","yes","PHL"
"Philippines","skipjack tuna","katsuwonus pelamis","no","no","yes","Shea et al. 2025",NA,"skipjack tuna","no","yes","PHL"
"Portugal","rainbow trout","oncorhynchus mykiss","yes","no","yes","Shea et al. 2025",NA,"rainbow trout","no","no","PRT"
"Portugal","atlantic salmon","salmo salar","yes","no","yes","Shea et al. 2025",NA,"atlantic salmon","no","no","PRT"
"Portugal",NA,NA,"no","no","yes","Shea et al. 2025",NA,NA,"no","yes","PRT"
"South Africa","californian pilchard","sardinops sagax","no","no","yes","Shea et al. 2025",NA,"californian pilchard","no","yes","ZAF"
"South Africa","japanese pilchard","sardinops sagax","no","no","yes","Shea et al. 2025",NA,"japanese pilchard","no","yes","ZAF"
"South Africa","european sardine","sardina pilchardus","no","no","yes","Shea et al. 2025",NA,"european sardine","no","yes","ZAF"
"South Africa","european pilchard","sardina pilchardus","no","no","yes","Shea et al. 2025",NA,"european pilchard","no","yes","ZAF"
"South Africa","pilchard","sardinops sagax","no","no","yes","Shea et al. 2025",NA,"pilchard","no","yes","ZAF"
"South Africa","red eye","etrumeus whiteheadi","no","yes","no","Shea et al. 2025",NA,"red eye","no","yes","ZAF"
"South Africa","anchovy","engraulis encrasicolus","no","yes","no","Shea et al. 2025",NA,"anchovy","no","yes","ZAF"
"Samoa","sardine","sardinops sagax","no","no","yes","Shea et al. 2025",NA,"sardine","no","yes","WSM"
"Samoa","japanese pilchard","sardinops sagax","no","no","yes","Shea et al. 2025",NA,"japanese pilchard","no","yes","WSM"
"Samoa","european pilchard","sardina pilchardus","no","no","yes","Shea et al. 2025",NA,"european pilchard","no","yes","WSM"
"Senegal",NA,NA,"no","yes","no","Shea et al. 2025",NA,NA,"no","yes","SEN"
"Tunisia","skipjack tuna","katsuwonus pelamis","no","no","yes","Shea et al. 2025",NA,"skipjack tuna","no","yes","TUN"
"Tunisia","yellowfin tuna","thunnus albacares","no","no","yes","Shea et al. 2025",NA,"yellowfin tuna","no","yes","TUN"
"Tunisia","albacore tuna","thunnus alalunga","no","no","yes","Shea et al. 2025",NA,"albacore tuna","no","yes","TUN"
"Tunisia","bigeye tuna","thunnus obesus","no","no","yes","Shea et al. 2025",NA,"bigeye tuna","no","yes","TUN"
"United Arab Emirates","black sea anchovy","engraulis encrasicolus","no","yes","no","Shea et al. 2025",NA,"black sea anchovy","no","yes","ARE"
"Vietnam",NA,NA,"no","yes","no","Shea et al. 2025",NA,NA,"no","yes","VNM"
"Vietnam",NA,NA,"no","no","yes","Shea et al. 2025",NA,NA,"no","yes","VNM"
"Vietnam","pangasius tra","pangasius hypophthalmas","yes","no","yes","Shea et al. 2025",NA,"pangasius tra","no","no","VNM"
"Vietnam","skipjack tuna","katsuwonus pelamis","no","no","yes","Shea et al. 2025",NA,"skipjack tuna","no","yes","VNM"
"Vietnam","yellowfin tuna","thunnus albacares","no","no","yes","Shea et al. 2025",NA,"yellowfin tuna","no","yes","VNM"
"Vietnam","atlantic cod","gadus morhua","no","no","yes","Shea et al. 2025",NA,"atlantic cod","no","yes","VNM"
"Vietnam","barramundi","lates calcarifer","yes","no","yes","Shea et al. 2025",NA,"barramundi","no","no","VNM"
"Vietnam","pacific cod","gadus macrocephalus","no","no","yes","Shea et al. 2025",NA,"pacific cod","no","yes","VNM"
"Vietnam","albacore tuna","thunnus alalunga","no","no","yes","Shea et al. 2025",NA,"albacore tuna","no","yes","VNM"
"Vietnam","alaska pollack","gadus chalcogrammus","no","no","yes","Shea et al. 2025",NA,"alaska pollack","no","yes","VNM"
"Vietnam","haddock","melanogrammus aeglefinus","no","no","yes","Shea et al. 2025",NA,"haddock","no","yes","VNM"
"Vietnam","bigeye scad","selar crumenophthalmus","no","yes","no","Shea et al. 2025",NA,"bigeye scad","no","yes","VNM"
"Vietnam","greater lizardfish","saurida tumbil","no","yes","no","Shea et al. 2025",NA,"greater lizardfish","no","yes","VNM"
"Vietnam","sulphur goatfish","upeneus sulphureus","no","yes","no","Shea et al. 2025",NA,"sulphur goatfish","no","yes","VNM"
"Vietnam","yellowtail scad","atule mate","no","yes","no","Shea et al. 2025",NA,"yellowtail scad","no","yes","VNM"
"Vietnam","blunt-nose lizardfish","trachinocephalus myops","no","yes","no","Shea et al. 2025",NA,"blunt-nose lizardfish","no","yes","VNM"
"Yemen","giant tiger prawn","penaeus monodon","yes","no","yes","Shea et al. 2025",NA,"giant tiger prawn","no","no","YEM"
"Yemen","whiteleg shrimp","litopenaeus vannamei","yes","no","yes","Shea et al. 2025",NA,"whiteleg shrimp","no","no","YEM"
"Argentina","argentine red shrimp","pleoticus muelleri","no","no","yes","Shea et al. 2025",NA,"shrimp","no","yes","ARG"
"Argentina","argentine stiletto shrimp","artemesia longinaris","no","no","yes","Shea et al. 2025",NA,"shrimp","no","yes","ARG"
"Argentina",NA,NA,"no","no","yes","Shea et al. 2025",NA,"NA","no","yes","ARG"
"Chile","anchoveta","engraulis ringens","no","yes","no","Shea et al. 2025",NA,"anchoveta","no","yes","CHL"
"Chile","anchovy","engraulis ringens","no","no","yes","Shea et al. 2025",NA,"anchovy","no","yes","CHL"
"Chile","anchovy","engraulis ringens","no","yes","no","Shea et al. 2025",NA,"anchovy","no","yes","CHL"
"Chile","anchovy","strangomera bentincki","no","yes","no","Shea et al. 2025",NA,"anchovy","no","yes","CHL"
"Chile","antarctic krill","euphausia superba","no","yes","no","Shea et al. 2025",NA,"krill","no","yes","CHL"
"Chile","araucanian herring","strangomera bentincki","no","no","yes","Shea et al. 2025",NA,"araucanian herring","no","yes","CHL"
"Chile","araucanian herring","engraulis ringens","no","yes","no","Shea et al. 2025",NA,"araucanian herring","no","yes","CHL"
"Chile","araucanian herring","strangomera bentincki","no","yes","no","Shea et al. 2025",NA,"araucanian herring","no","yes","CHL"
"Chile","atlantic salmon","salmo salar","yes","no","yes","Shea et al. 2025",NA,"salmon, atlantic salmon","no","no","CHL"
"Chile","chile coho salmon","oncorhynchus kisutch","yes","no","yes","Shea et al. 2025",NA,"chile coho salmon","no","no","CHL"
"Chile","chile rainbow trout","oncorhynchus mykiss","yes","no","yes","Shea et al. 2025",NA,"chile rainbow trout","no","no","CHL"
"Chile","chilean anchovy","engraulis ringens","no","yes","no","Shea et al. 2025",NA,"chilean anchovy","no","yes","CHL"
"Chile","chilean jack mackerel","trachurus murphyi","no","no","yes","Shea et al. 2025",NA,"chilean jack mackerel","no","yes","CHL"
"Chile","chilean jack mackerel","trachurus murphyi","no","yes","no","Shea et al. 2025",NA,"chilean jack mackerel","no","yes","CHL"
"Chile","chilean sardine","strangomera bentincki","no","yes","no","Shea et al. 2025",NA,"chilean sardine","no","yes","CHL"
"Chile","chinook(=spring=king) salmon","oncorhynchus tshawytscha","yes","no","yes","Shea et al. 2025",NA,"salmon","no","no","CHL"
"Chile","coho salmon","oncorhynchus kisutch","no","no","yes","Shea et al. 2025",NA,"coho salmon","no","yes","CHL"
"Chile","coho salmon","oncorhynchus kisutch","yes","no","yes","Shea et al. 2025",NA,"coho salmon","no","no","CHL"
"Chile","coho(=silver) salmon","oncorhynchus kisutch","yes","no","yes","Shea et al. 2025",NA,"salmon","no","no","CHL"
"Chile","jack mackerel","trachurus murphyi","no","no","yes","Shea et al. 2025",NA,"jack mackerel","no","yes","CHL"
"Chile","jack mackerel","trachurus murphyi","no","yes","no","Shea et al. 2025",NA,"jack mackerel","no","yes","CHL"
"Chile","jack mackerel/jurel","trachurus murphyi","no","no","yes","Shea et al. 2025",NA,"jack mackerel/jurel","no","yes","CHL"
"Chile","rainbow trout","oncorhynchus mykiss","yes","no","yes","Shea et al. 2025",NA,"rainbow trout","no","no","CHL"
"Chile","sockeye salmon","oncorhynchus nerka","no","no","yes","Shea et al. 2025",NA,"sockeye salmon","no","yes","CHL"
"Chile",NA,NA,"no","yes","no","Shea et al. 2025",NA,"NA","no","yes","CHL"
"Chile",NA,NA,"yes","no","yes","Shea et al. 2025",NA,"NA","no","no","CHL"
"Costa Rica","crystal shrimp","farfantepenaeus brevirostris","no","no","yes","Shea et al. 2025",NA,"shrimp","no","yes","CRI"
"Costa Rica","fish",NA,"no","no","yes","Shea et al. 2025",NA,"fish","no","yes","CRI"
"Costa Rica","penaeid shrimps nei","penaeidae","no","no","yes","Shea et al. 2025",NA,"shrimp","no","yes","CRI"
"Costa Rica","penaeus shrimps nei","penaeus","no","no","yes","Shea et al. 2025",NA,"shrimp","no","yes","CRI"
"Costa Rica","whiteleg shrimp","litopenaeus vannamei","no","no","yes","Shea et al. 2025",NA,"shrimp","no","yes","CRI"
"Costa Rica","yellowleg shrimp","farfantepenaeus californiensis","no","no","yes","Shea et al. 2025",NA,"shrimp","no","yes","CRI"
"Costa Rica","common dolphinfish","coryphaena hippurus","no","no","yes","Shea et al. 2025",NA,"fish","no","yes","CRI"
"Costa Rica","striped marlin","kajikia audax","no","no","yes","Shea et al. 2025",NA,"fish","no","yes","CRI"
"Costa Rica","Groupers, seabasses nei","serranidae","no","no","yes","Shea et al. 2025",NA,"fish","no","yes","CRI"
"Costa Rica","marlins,sailfishes,etc. nei","istiophoridae","no","no","yes","Shea et al. 2025",NA,"fish","no","yes","CRI"
"Costa Rica","indo-pacific sailfish","istiophorus platypterus","no","no","yes","Shea et al. 2025",NA,"fish","no","yes","CRI"
"Costa Rica","snappers, jobfishes nei","lutjanidae","no","no","yes","Shea et al. 2025",NA,"fish","no","yes","CRI"
"Costa Rica","spotted rose snapper","lutjanus guttatus","no","no","yes","Shea et al. 2025",NA,"fish","no","yes","CRI"
"Costa Rica","swordfish","xiphias gladius","no","no","yes","Shea et al. 2025",NA,"fish","no","yes","CRI"
"Costa Rica","blacktip shark","carcharhinus limbatus","no","no","yes","Shea et al. 2025",NA,"fish","no","yes","CRI"
"Costa Rica","thresher","alopias vulpinus","no","no","yes","Shea et al. 2025",NA,"fish","no","yes","CRI"
"Costa Rica","bigeye tuna","thunnus obesus","no","no","yes","Shea et al. 2025",NA,"fish","no","yes","CRI"
"Costa Rica","skipjack tuna","katsuwonus pelamis","no","no","yes","Shea et al. 2025",NA,"fish","no","yes","CRI"
"Costa Rica","tuna-like fishes nei","perciformes","no","no","yes","Shea et al. 2025",NA,"fish","no","yes","CRI"
"Costa Rica","yellowfin tuna","thunnus albacares","no","no","yes","Shea et al. 2025",NA,"fish","no","yes","CRI"
"Ecuador","bigeye tuna","thunnus obesus","no","no","yes","Shea et al. 2025",NA,"tuna, bigeye tuna","no","yes","ECU"
"Ecuador","black skipjack","euthynnus lineatus","no","no","yes","Shea et al. 2025",NA,"black skipjack","no","yes","ECU"
"Ecuador","bullet tuna","auxis rochei","no","no","yes","Shea et al. 2025",NA,"bullet tuna","no","yes","ECU"
"Ecuador","common dolphinfish","coryphaena hippurus","no","no","yes","Shea et al. 2025",NA,"common dolphinfish","no","yes","ECU"
"Ecuador","frigate and bullet tunas","auxis","no","no","yes","Shea et al. 2025",NA,"tuna","no","yes","ECU"
"Ecuador","frigate tuna","auxis thazard","no","no","yes","Shea et al. 2025",NA,"frigate tuna","no","yes","ECU"
"Ecuador","frigate tuna","auxis brachydorax","no","yes","no","Shea et al. 2025",NA,"frigate tuna","no","yes","ECU"
"Ecuador","jack mackerel","trachurus murphyi","no","yes","no","Shea et al. 2025",NA,"jack mackerel","no","yes","ECU"
"Ecuador","largehead hairtail","trichiurus lepturus","no","yes","no","Shea et al. 2025",NA,"largehead hairtail","no","yes","ECU"
"Ecuador","longnose anchovy","anchoa nasus","no","yes","no","Shea et al. 2025",NA,"longnose anchovy","no","yes","ECU"
"Ecuador","pacific anchoveta","cetengraulis mysticetus","no","yes","no","Shea et al. 2025",NA,"pacific anchoveta","no","yes","ECU"
"Ecuador","pacific bluefin tuna","thunnus orientalis","no","no","yes","Shea et al. 2025",NA,"tuna","no","yes","ECU"
"Ecuador","pacific chub mackerel","scomber japonicus","no","no","yes","Shea et al. 2025",NA,"pacific chub mackerel","no","yes","ECU"
"Ecuador","pacific chub mackerel","scomber japonicus","no","yes","no","Shea et al. 2025",NA,"pacific chub mackerel","no","yes","ECU"
"Ecuador","pacific harvestfish","peprilus medius","no","no","yes","Shea et al. 2025",NA,"pacific harvestfish","no","yes","ECU"
"Ecuador","pacific harvestfish","peprilus medius","no","yes","no","Shea et al. 2025",NA,"pacific harvestfish","no","yes","ECU"
"Ecuador","red eye round herring","etrumeus whiteheadi","no","no","yes","Shea et al. 2025",NA,"red eye round herring","no","yes","ECU"
"Ecuador","red-eye round herring","etrumeus whiteheadi","no","no","yes","Shea et al. 2025",NA,"red-eye round herring","no","yes","ECU"
"Ecuador","roncador","haemulopsis axillaris","no","no","yes","Shea et al. 2025",NA,"roncador","no","yes","ECU"
"Ecuador","roncador","maemulpsis axillaris","no","yes","no","Shea et al. 2025",NA,"roncador","no","yes","ECU"
"Ecuador","round herring","etrumeus whiteheadi","no","yes","no","Shea et al. 2025",NA,"round herring","no","yes","ECU"
"Ecuador","shortfin scad","decapterus macrosoma","no","yes","no","Shea et al. 2025",NA,"shortfin scad","no","yes","ECU"
"Ecuador","skipjack tuna","katsuwonus pelamis","no","no","yes","Shea et al. 2025",NA,"tuna, skipjack tuna","no","yes","ECU"
"Ecuador","south pacific hake","merluccius gayi","no","no","yes","Shea et al. 2025",NA,"south pacific hake","no","yes","ECU"
"Ecuador","tuna-like fishes nei","perciformes","no","no","yes","Shea et al. 2025",NA,"tuna","no","yes","ECU"
"Ecuador","yellowfin tuna","thunnus albacares","no","no","yes","Shea et al. 2025",NA,"tuna, yellowfin tuna","no","yes","ECU"
"Spain","aesop shrimp","pandalus montagui","no","no","yes","Shea et al. 2025",NA,"shrimp","no","yes","ESP"
"Spain","albacore tuna","thunnus alalunga","no","no","yes","Shea et al. 2025",NA,"albacore tuna","no","yes","ESP"
"Spain","aristeid shrimps nei","aristeidae","no","no","yes","Shea et al. 2025",NA,"shrimp","no","yes","ESP"
"Spain","atlantic bluefin tuna","thunnus thynnus","no","no","yes","Shea et al. 2025",NA,"tuna","no","yes","ESP"
"Spain","atlantic mud shrimp","solenocera membranacea","no","no","yes","Shea et al. 2025",NA,"shrimp","no","yes","ESP"
"Spain","atlantic salmon","salmo salar","no","no","yes","Shea et al. 2025",NA,"salmon","no","yes","ESP"
"Spain","atlantic salmon","salmo salar","yes","no","yes","Shea et al. 2025",NA,"salmon","no","no","ESP"
"Spain","bigeye tuna","thunnus obesus","no","no","yes","Shea et al. 2025",NA,"tuna","no","yes","ESP"
"Spain","blackfin tuna","thunnus atlanticus","no","no","yes","Shea et al. 2025",NA,"tuna","no","yes","ESP"
"Spain","blue and red shrimp","aristeus antennatus","no","no","yes","Shea et al. 2025",NA,"shrimp","no","yes","ESP"
"Spain","blue whiting","micromesistius poutassou","no","no","yes","Shea et al. 2025",NA,"blue whiting","no","yes","ESP"
"Spain","bluefin tuna","thunnus thynnus","no","no","yes","Shea et al. 2025",NA,"bluefin tuna","no","yes","ESP"
"Spain","bullet tuna","auxis rochei","no","no","yes","Shea et al. 2025",NA,"tuna","no","yes","ESP"
"Spain","common shrimp","crangon crangon","no","no","yes","Shea et al. 2025",NA,"shrimp","no","yes","ESP"
"Spain","crangon shrimps nei","crangon","no","no","yes","Shea et al. 2025",NA,"shrimp","no","yes","ESP"
"Spain","deep-water rose shrimp","parapenaeus longirostris","no","no","yes","Shea et al. 2025",NA,"shrimp","no","yes","ESP"
"Spain","european anchovy","engraulis encrasicolus","no","no","yes","Shea et al. 2025",NA,"anchovy","no","yes","ESP"
"Spain","european pilchard(=sardine)","sardina pilchardus","no","no","yes","Shea et al. 2025",NA,"sardine","no","yes","ESP"
"Spain","frigate and bullet tunas","auxis","no","no","yes","Shea et al. 2025",NA,"tuna","no","yes","ESP"
"Spain","frigate tuna","auxis thazard","no","no","yes","Shea et al. 2025",NA,"tuna","no","yes","ESP"
"Spain","giant red shrimp","aristaeomorpha foliacea","no","no","yes","Shea et al. 2025",NA,"shrimp","no","yes","ESP"
"Spain","golden shrimp","plesionika martia","no","no","yes","Shea et al. 2025",NA,"shrimp","no","yes","ESP"
"Spain","guinea shrimp","parapenaeopsis atlantica","no","no","yes","Shea et al. 2025",NA,"shrimp","no","yes","ESP"
"Spain","herring","clupea harengus","no","no","yes","Shea et al. 2025",NA,"herring","no","yes","ESP"
"Spain","longfin tuna","thunnus alalunga","no","no","yes","Shea et al. 2025",NA,"longfin tuna","no","yes","ESP"
"Spain","longtail tuna","thunnus tonggol","no","no","yes","Shea et al. 2025",NA,"tuna","no","yes","ESP"
"Spain","mackerel","scomber scombrus","no","no","yes","Shea et al. 2025",NA,"mackerel","no","yes","ESP"
"Spain","madeiran sardinella","sardinella maderensis","no","no","yes","Shea et al. 2025",NA,"sardine","no","yes","ESP"
"Spain","metapenaeus shrimps nei","metapenaeus","no","no","yes","Shea et al. 2025",NA,"shrimp","no","yes","ESP"
"Spain","palaemon shrimps nei","palaemon","no","no","yes","Shea et al. 2025",NA,"shrimp","no","yes","ESP"
"Spain","palaemonid shrimps nei","palaemonidae","no","no","yes","Shea et al. 2025",NA,"shrimp","no","yes","ESP"
"Spain","pandalid shrimps nei","pandalidae","no","no","yes","Shea et al. 2025",NA,"shrimp","no","yes","ESP"
"Spain","penaeid shrimps nei","penaeidae","no","no","yes","Shea et al. 2025",NA,"shrimp","no","yes","ESP"
"Spain","penaeus shrimps nei","penaeus","no","no","yes","Shea et al. 2025",NA,"shrimp","no","yes","ESP"
"Spain","pink glass shrimp","pasiphaea multidentata","no","no","yes","Shea et al. 2025",NA,"shrimp","no","yes","ESP"
"Spain","round sardinella","sardinella aurita","no","no","yes","Shea et al. 2025",NA,"sardine","no","yes","ESP"
"Spain","sardinellas nei","sardinella","no","no","yes","Shea et al. 2025",NA,"sardine","no","yes","ESP"
"Spain","scarlet shrimp","aristaeopsis edwardsiana","no","no","yes","Shea et al. 2025",NA,"shrimp","no","yes","ESP"
"Spain","sea bass","dicentrarchus labrax","yes","no","yes","Shea et al. 2025",NA,"sea bass","no","no","ESP"
"Spain","sea bream","sparus aurata","yes","no","yes","Shea et al. 2025",NA,"sea bream","no","no","ESP"
"Spain","skipjack tuna","katsuwonus pelamis","no","no","yes","Shea et al. 2025",NA,"tuna, skipjack tuna","no","yes","ESP"
"Spain","southern bluefin tuna","thunnus maccoyii","no","no","yes","Shea et al. 2025",NA,"tuna","no","yes","ESP"
"Spain","southern pink shrimp","farfantepenaeus notialis","no","no","yes","Shea et al. 2025",NA,"shrimp","no","yes","ESP"
"Spain","striped red shrimp","aristeus varidens","no","no","yes","Shea et al. 2025",NA,"shrimp","no","yes","ESP"
"Spain","striped soldier shrimp","plesionika edwardsii","no","no","yes","Shea et al. 2025",NA,"shrimp","no","yes","ESP"
"Spain","trout","oncorhynchus mykiss","yes","no","yes","Shea et al. 2025",NA,"trout","no","no","ESP"
"Spain","trout","salmo trutta","yes","no","yes","Shea et al. 2025",NA,"trout","no","no","ESP"
"Spain","tuna-like fishes nei","perciformes","no","no","yes","Shea et al. 2025",NA,"tuna","no","yes","ESP"
"Spain","tunas nei","thunnus","no","no","yes","Shea et al. 2025",NA,"tuna","no","yes","ESP"
"Spain","white glass shrimp","pasiphaea sivado","no","no","yes","Shea et al. 2025",NA,"shrimp","no","yes","ESP"
"Spain","whiteleg shrimp","litopenaeus vannamei","no","no","yes","Shea et al. 2025",NA,"shrimp","no","yes","ESP"
"Spain","yellow tuna","thunnus albacares","no","no","yes","Shea et al. 2025",NA,"yellow tuna","no","yes","ESP"
"Spain","yellowfin tuna","thunnus albacares","no","no","yes","Shea et al. 2025",NA,"tuna, yellowfin tuna","no","yes","ESP"
"United Kingdom","anglerfish","lophius budegassa","no","no","yes","Shea et al. 2025",NA,"anglerfish","no","yes","GBR"
"United Kingdom","anglerfish","lophius piscatorius","no","no","yes","Shea et al. 2025",NA,"anglerfish","no","yes","GBR"
"United Kingdom","atlantic bluefin tuna","thunnus thynnus","no","no","yes","Shea et al. 2025",NA,"tuna","no","yes","GBR"
"United Kingdom","bigeye tuna","thunnus obesus","no","no","yes","Shea et al. 2025",NA,"tuna","no","yes","GBR"
"United Kingdom","blackfin tuna","thunnus atlanticus","no","no","yes","Shea et al. 2025",NA,"tuna","no","yes","GBR"
"United Kingdom","boarfish","capros aper","no","yes","no","Shea et al. 2025",NA,"boarfish","no","yes","GBR"
"United Kingdom","cod","gadus morhua","no","no","yes","Shea et al. 2025",NA,"cod","no","yes","GBR"
"United Kingdom","dogtooth tuna","gymnosarda unicolor","no","no","yes","Shea et al. 2025",NA,"tuna","no","yes","GBR"
"United Kingdom","european hake","merluccius merluccius","no","no","yes","Shea et al. 2025",NA,"european hake","no","yes","GBR"
"United Kingdom","frigate and bullet tunas","auxis","no","no","yes","Shea et al. 2025",NA,"tuna","no","yes","GBR"
"United Kingdom","frigate tuna","auxis thazard","no","no","yes","Shea et al. 2025",NA,"tuna","no","yes","GBR"
"United Kingdom","greenland halibut","reinhardtius hippoglossoides","no","no","yes","Shea et al. 2025",NA,"greenland halibut","no","yes","GBR"
"United Kingdom","haddock","melanogrammus aeglefinus","no","no","yes","Shea et al. 2025",NA,"haddock","no","yes","GBR"
"United Kingdom","hake","merluccius merluccius","no","no","yes","Shea et al. 2025",NA,"hake","no","yes","GBR"
"United Kingdom","herring","clupea harengus","no","no","yes","Shea et al. 2025",NA,"herring","no","yes","GBR"
"United Kingdom","horse mackerel","trachurus trachurus","no","no","yes","Shea et al. 2025",NA,"horse mackerel","no","yes","GBR"
"United Kingdom","lemon sole","microstomus kitt","no","no","yes","Shea et al. 2025",NA,"lemon sole","no","yes","GBR"
"United Kingdom","lesser-spotted dogfish","scyliorhinus canicula","no","no","yes","Shea et al. 2025",NA,"lesser-spotted dogfish","no","yes","GBR"
"United Kingdom","ling","molva molva","no","no","yes","Shea et al. 2025",NA,"ling","no","yes","GBR"
"United Kingdom","mackerel","scomber scombrus","no","no","yes","Shea et al. 2025",NA,"mackerel","no","yes","GBR"
"United Kingdom","mackerel","scomber scombrus","no","yes","no","Shea et al. 2025",NA,"mackerel","no","yes","GBR"
"United Kingdom","megrim","lepidorhombus whiffiagonis","no","no","yes","Shea et al. 2025",NA,"megrim","no","yes","GBR"
"United Kingdom","norwegian lobster","nephrops norvegicus","no","no","yes","Shea et al. 2025",NA,"norwegian lobster","no","yes","GBR"
"United Kingdom","pilchard","sardina pilchardus","no","no","yes","Shea et al. 2025",NA,"pilchard","no","yes","GBR"
"United Kingdom","plaice","pleuronectes platessa","no","no","yes","Shea et al. 2025",NA,"plaice","no","yes","GBR"
"United Kingdom","pollock","pollachius pollachius","no","no","yes","Shea et al. 2025",NA,"pollock","no","yes","GBR"
"United Kingdom","red gurnard","chelidonichthys cuculus","no","no","yes","Shea et al. 2025",NA,"red gurnard","no","yes","GBR"
"United Kingdom","saithe","pollachius virens","no","no","yes","Shea et al. 2025",NA,"saithe","no","yes","GBR"
"United Kingdom","salmon","salmo salar","yes","no","yes","Shea et al. 2025",NA,"salmon","no","no","GBR"
"United Kingdom","sardine","sardina pilchardus","no","yes","no","Shea et al. 2025",NA,"sardine","no","yes","GBR"
"United Kingdom","scallop","pecten maximus","no","no","yes","Shea et al. 2025",NA,"scallop","no","yes","GBR"
"United Kingdom","skipjack tuna","katsuwonus pelamis","no","no","yes","Shea et al. 2025",NA,"tuna","no","yes","GBR"
"United Kingdom","slender tuna","allothunnus fallai","no","no","yes","Shea et al. 2025",NA,"tuna","no","yes","GBR"
"United Kingdom","southern bluefin tuna","thunnus maccoyii","no","no","yes","Shea et al. 2025",NA,"tuna","no","yes","GBR"
"United Kingdom","sprat","sprattus sprattus","no","no","yes","Shea et al. 2025",NA,"sprat","no","yes","GBR"
"United Kingdom","squid","loligo vulgaris","no","no","yes","Shea et al. 2025",NA,"squid","no","yes","GBR"
"United Kingdom","thornback ray","raja clavata","no","no","yes","Shea et al. 2025",NA,"thornback ray","no","yes","GBR"
"United Kingdom","trout","oncorhynchus mykiss","yes","no","yes","Shea et al. 2025",NA,"trout","no","no","GBR"
"United Kingdom","tuna-like fishes nei","perciformes","no","no","yes","Shea et al. 2025",NA,"tuna","no","yes","GBR"
"United Kingdom","tusk","brosme brosme","no","no","yes","Shea et al. 2025",NA,"tusk","no","yes","GBR"
"United Kingdom","whiting","merlangius merlangus","no","no","yes","Shea et al. 2025",NA,"whiting","no","yes","GBR"
"United Kingdom","witch","glyptocephalus cynoglossus","no","no","yes","Shea et al. 2025",NA,"witch","no","yes","GBR"
"United Kingdom","yellowfin tuna","thunnus albacares","no","no","yes","Shea et al. 2025",NA,"tuna","no","yes","GBR"
"Indonesia","bali sardinella","sardinella lemuru","no","no","yes","Shea et al. 2025",NA,"sardine","no","yes","IDN"
"Indonesia","bali sardinella","sardinella lemuru","no","yes","no","Shea et al. 2025",NA,"sardine","no","yes","IDN"
"Indonesia","bigeye tuna","thunnus obesus","no","no","yes","Shea et al. 2025",NA,"tuna","no","yes","IDN"
"Indonesia","bullet tuna","auxis rochei","no","no","yes","Shea et al. 2025",NA,"tuna","no","yes","IDN"
"Indonesia","dogtooth tuna","gymnosarda unicolor","no","no","yes","Shea et al. 2025",NA,"tuna","no","yes","IDN"
"Indonesia","frigate and bullet tunas","auxis","no","no","yes","Shea et al. 2025",NA,"tuna","no","yes","IDN"
"Indonesia","frigate tuna","auxis thazard","no","no","yes","Shea et al. 2025",NA,"tuna","no","yes","IDN"
"Indonesia","fringescale sardinella","sardinella fimbriata","no","no","yes","Shea et al. 2025",NA,"fringescale sardinella","no","yes","IDN"
"Indonesia","fringescale sardinella","sardinella fimbriata","no","yes","no","Shea et al. 2025",NA,"fringescale sardinella","no","yes","IDN"
"Indonesia","goldstripe sardinella","sardinella gibbosa","no","no","yes","Shea et al. 2025",NA,"sardine","no","yes","IDN"
"Indonesia","goldstripe sardinella","sardinella gibbosa","no","yes","no","Shea et al. 2025",NA,"sardine","no","yes","IDN"
"Indonesia","longtail tuna","thunnus tonggol","no","no","yes","Shea et al. 2025",NA,"tuna","no","yes","IDN"
"Indonesia","rainbow sardine","dussumieria acuta","no","no","yes","Shea et al. 2025",NA,"sardine","no","yes","IDN"
"Indonesia","rainbow sardine","dussumieria acuta","no","yes","no","Shea et al. 2025",NA,"sardine","no","yes","IDN"
"Indonesia","skipjack tuna","katsuwonus pelamis","no","no","yes","Shea et al. 2025",NA,"tuna, skipjack tuna","no","yes","IDN"
"Indonesia","south american pilchard","sardinops sagax","no","no","yes","Shea et al. 2025",NA,"south american pilchard","no","yes","IDN"
"Indonesia","south american pilchard","sardinops sagax","no","yes","no","Shea et al. 2025",NA,"south american pilchard","no","yes","IDN"
"Indonesia","southern bluefin tuna","thunnus maccoyii","no","no","yes","Shea et al. 2025",NA,"tuna","no","yes","IDN"
"Indonesia","spotted sardinella","amblygaster sirm","no","no","yes","Shea et al. 2025",NA,"sardine","no","yes","IDN"
"Indonesia","spotted sardinella","amblygaster sirm","no","yes","no","Shea et al. 2025",NA,"sardine","no","yes","IDN"
"Indonesia","tuna-like fishes nei","perciformes","no","no","yes","Shea et al. 2025",NA,"tuna","no","yes","IDN"
"Indonesia","yellowfin tuna","thunnus albacares","no","no","yes","Shea et al. 2025",NA,"tuna, yellowfin tuna","no","yes","IDN"
"India","anchovies, etc. nei","engraulidae","no","yes","no","Shea et al. 2025",NA,"anchovy","no","yes","IND"
"India","bigeye tuna","thunnus obesus","no","no","yes","Shea et al. 2025",NA,"tuna","no","yes","IND"
"India","bullet tuna","auxis rochei","no","no","yes","Shea et al. 2025",NA,"tuna","no","yes","IND"
"India","catfishes nei","clarias","no","yes","no","Shea et al. 2025",NA,"catfish","no","yes","IND"
"India","frigate tuna","auxis thazard","no","no","yes","Shea et al. 2025",NA,"tuna","no","yes","IND"
"India","gold band fusilier","pterocaesio chrysozona","no","yes","no","Shea et al. 2025",NA,"gold band fusilier","no","yes","IND"
"India","indian oil sardine","sardinella longiceps","no","yes","no","Shea et al. 2025",NA,"indian oil sardine","no","yes","IND"
"India","japanese thread fin fish","nemipterus japonicus","no","no","yes","Shea et al. 2025",NA,"japanese thread fin fish","no","yes","IND"
"India","lesser sardine","sardinella fimbriate","no","yes","no","Shea et al. 2025",NA,"lesser sardine","no","yes","IND"
"India","lizardfish","saurida undosquamis","no","yes","no","Shea et al. 2025",NA,"lizardfish","no","yes","IND"
"India","longfin mojarra","pentaprion longimanus","no","yes","no","Shea et al. 2025",NA,"longfin mojarra","no","yes","IND"
"India","longtail tuna","thunnus tonggol","no","no","yes","Shea et al. 2025",NA,"tuna","no","yes","IND"
"India","mackerel","rastrelliger kanagurta","no","yes","no","Shea et al. 2025",NA,"mackerel","no","yes","IND"
"India","mackerel","scomber scombrus","no","yes","no","Shea et al. 2025",NA,"mackerel","no","yes","IND"
"India","pugnose ponyfish","secutor insidiator","no","yes","no","Shea et al. 2025",NA,"pugnose ponyfish","no","yes","IND"
"India","purple-spotted (bigeye)","priacanthus tayenus","no","yes","no","Shea et al. 2025",NA,"purple-spotted (bigeye)","no","yes","IND"
"India","red snapper","lutjanus argentimaculatus","no","yes","no","Shea et al. 2025",NA,"red snapper","no","yes","IND"
"India","ribbon fish",NA,"no","yes","no","Shea et al. 2025",NA,"ribbon fish","no","yes","IND"
"India","sardine","sardinella longiceps","no","no","yes","Shea et al. 2025",NA,"sardine","no","yes","IND"
"India","sardine","sardinella longiceps","no","yes","no","Shea et al. 2025",NA,"sardine","no","yes","IND"
"India","sea catfishes nei","ariidae","no","yes","no","Shea et al. 2025",NA,"catfish","no","yes","IND"
"India","skipjack tuna","katsuwonus pelamis","no","no","yes","Shea et al. 2025",NA,"tuna","no","yes","IND"
"India","splendid pony fish slimy","eubleekeria splendens","no","yes","no","Shea et al. 2025",NA,"splendid pony fish slimy","no","yes","IND"
"India","stolephorus anchovies nei","stolephorus","no","yes","no","Shea et al. 2025",NA,"anchovy","no","yes","IND"
"India","striped catfish","pangasianodon hypophthalmus","no","yes","no","Shea et al. 2025",NA,"catfish","no","yes","IND"
"India","tuna-like fishes nei","perciformes","no","no","yes","Shea et al. 2025",NA,"tuna","no","yes","IND"
"India","yellow goatfish","mulloidichthys martinicus","no","yes","no","Shea et al. 2025",NA,"yellow goatfish","no","yes","IND"
"India","yellow-finned leather jacket","alutera monoceros","no","yes","no","Shea et al. 2025",NA,"yellow-finned leather jacket","no","yes","IND"
"India","yellowfin tuna","thunnus albacares","no","no","yes","Shea et al. 2025",NA,"tuna","no","yes","IND"
"India","yellowtail fusilier","caesio erythrogaster","no","yes","no","Shea et al. 2025",NA,"yellowtail fusilier","no","yes","IND"
"Ireland","anglerfishes nei","lophiidae","no","no","yes","Shea et al. 2025",NA,"anglerfish","no","yes","IRL"
"Ireland","blue whiting","micromesistius poutassou","no","no","yes","Shea et al. 2025",NA,"blue whiting","no","yes","IRL"
"Ireland","blue whiting","micromesistius poutassou","no","yes","no","Shea et al. 2025",NA,"blue whiting","no","yes","IRL"
"Ireland","boarfish","capros aper","no","no","yes","Shea et al. 2025",NA,"boarfish","no","yes","IRL"
"Ireland","edible crab","cancer pagurus","no","no","yes","Shea et al. 2025",NA,"crab","no","yes","IRL"
"Ireland","european anchovy","engraulis encrasicolus","no","no","yes","Shea et al. 2025",NA,"anchovy, european anchovy","no","yes","IRL"
"Ireland","european anchovy","engraulis encrasicolus","no","yes","no","Shea et al. 2025",NA,"anchovy","no","yes","IRL"
"Ireland","european hake","merluccius merluccius","no","no","yes","Shea et al. 2025",NA,"hake","no","yes","IRL"
"Ireland","european pilchard","sardina pilchardus","no","no","yes","Shea et al. 2025",NA,"european pilchard","no","yes","IRL"
"Ireland","haddock","melanogrammus aeglefinus","no","no","yes","Shea et al. 2025",NA,"haddock","no","yes","IRL"
"Ireland","hakes nei","merluccius","no","no","yes","Shea et al. 2025",NA,"hake","no","yes","IRL"
"Ireland","herring","clupea pallasii","no","no","yes","Shea et al. 2025",NA,"herring","no","yes","IRL"
"Ireland","horse mackerel","trachurus japonicus","no","no","yes","Shea et al. 2025",NA,"horse mackerel","no","yes","IRL"
"Ireland","mackerel","scomber japonicus","no","no","yes","Shea et al. 2025",NA,"mackerel","no","yes","IRL"
"Ireland","norway lobster","nephrops norvegicus","no","no","yes","Shea et al. 2025",NA,"norwegian lobster","no","yes","IRL"
"Ireland","salmon","salmo salar","yes","no","yes","Shea et al. 2025",NA,"salmon","no","no","IRL"
"Ireland","sardine","sardina pilchardus","no","no","yes","Shea et al. 2025",NA,"sardine","no","yes","IRL"
"Ireland","sardine","sardina pilchardus","no","yes","no","Shea et al. 2025",NA,"sardine","no","yes","IRL"
"Ireland","sprat","sprattus sprattus","no","no","yes","Shea et al. 2025",NA,"sprat","no","yes","IRL"
"Iran","indian oil sardine","sardinella longiceps","no","no","yes","Shea et al. 2025",NA,"sardine","no","yes","IRN"
"Iran","indian oil sardine","sardinella longiceps","no","yes","no","Shea et al. 2025",NA,"sardine","no","yes","IRN"
"South Korea","patagonian squid","doryteuthis gahi","no","no","yes","Shea et al. 2025",NA,"squid","no","yes","KOR"
"South Korea","jumbo flying squid","dosidicus gigas","no","no","yes","Shea et al. 2025",NA,"squid","no","yes","KOR"
"South Korea","argentine shortfin squid","illex argentinus","no","no","yes","Shea et al. 2025",NA,"squid","no","yes","KOR"
"South Korea","common squids nei","loligo","no","no","yes","Shea et al. 2025",NA,"squid","no","yes","KOR"
"South Korea","sevenstar flying squid","martialia hyadesi","no","no","yes","Shea et al. 2025",NA,"squid","no","yes","KOR"
"South Korea","cuttlefish, bobtail squids nei","sepiidae","no","no","yes","Shea et al. 2025",NA,"squid","no","yes","KOR"
"South Korea","various squids nei","teuthida","no","no","yes","Shea et al. 2025",NA,"squid","no","yes","KOR"
"South Korea","japanese flying squid","todarodes pacificus","no","no","yes","Shea et al. 2025",NA,"squid","no","yes","KOR"
"Malaysia","anchovy",NA,"no","no","yes","Shea et al. 2025",NA,"anchovy","no","yes","MYS"
"Malaysia","bigeye tuna","thunnus obesus","no","no","yes","Shea et al. 2025",NA,"tuna","no","yes","MYS"
"Malaysia","frigate and bullet tunas","auxis","no","no","yes","Shea et al. 2025",NA,"tuna","no","yes","MYS"
"Malaysia","frigate tuna","auxis thazard","no","no","yes","Shea et al. 2025",NA,"tuna","no","yes","MYS"
"Malaysia","indian mackerels nei","rastrelliger","no","no","yes","Shea et al. 2025",NA,"mackerel","no","yes","MYS"
"Malaysia","indo-pacific king mackerel","scomberomorus guttatus","no","no","yes","Shea et al. 2025",NA,"mackerel","no","yes","MYS"
"Malaysia","longtail tuna","thunnus tonggol","no","no","yes","Shea et al. 2025",NA,"tuna","no","yes","MYS"
"Malaysia","mackerels nei","scombridae","no","no","yes","Shea et al. 2025",NA,"mackerel","no","yes","MYS"
"Malaysia","narrow-barred spanish mackerel","scomberomorus commerson","no","no","yes","Shea et al. 2025",NA,"mackerel","no","yes","MYS"
"Malaysia","sardine",NA,"no","no","yes","Shea et al. 2025",NA,"sardine","no","yes","MYS"
"Malaysia","skipjack tuna","katsuwonus pelamis","no","no","yes","Shea et al. 2025",NA,"tuna","no","yes","MYS"
"Malaysia","tuna-like fishes nei","perciformes","no","no","yes","Shea et al. 2025",NA,"tuna","no","yes","MYS"
"Malaysia","yellowfin tuna","thunnus albacares","no","no","yes","Shea et al. 2025",NA,"tuna","no","yes","MYS"
"Malaysia",NA,NA,"no","yes","no","Shea et al. 2025",NA,"NA","no","yes","MYS"
"Malaysia","anchovy",NA,"no","no","yes","Shea et al. 2025",NA,"anchovy","no","yes","MYS"
"Malaysia","bigeye tuna","thunnus obesus","no","no","yes","Shea et al. 2025",NA,"tuna","no","yes","MYS"
"Malaysia","frigate and bullet tunas","auxis","no","no","yes","Shea et al. 2025",NA,"tuna","no","yes","MYS"
"Malaysia","frigate tuna","auxis thazard","no","no","yes","Shea et al. 2025",NA,"tuna","no","yes","MYS"
"Malaysia","indian mackerels nei","rastrelliger","no","no","yes","Shea et al. 2025",NA,"mackerel","no","yes","MYS"
"Malaysia","indo-pacific king mackerel","scomberomorus guttatus","no","no","yes","Shea et al. 2025",NA,"mackerel","no","yes","MYS"
"Malaysia","longtail tuna","thunnus tonggol","no","no","yes","Shea et al. 2025",NA,"tuna","no","yes","MYS"
"Malaysia","mackerels nei","scombridae","no","no","yes","Shea et al. 2025",NA,"mackerel","no","yes","MYS"
"Malaysia","narrow-barred spanish mackerel","scomberomorus commerson","no","no","yes","Shea et al. 2025",NA,"mackerel","no","yes","MYS"
"Malaysia","sardine",NA,"no","no","yes","Shea et al. 2025",NA,"sardine","no","yes","MYS"
"Malaysia","skipjack tuna","katsuwonus pelamis","no","no","yes","Shea et al. 2025",NA,"tuna","no","yes","MYS"
"Malaysia","tuna-like fishes nei","perciformes","no","no","yes","Shea et al. 2025",NA,"tuna","no","yes","MYS"
"Malaysia","yellowfin tuna","thunnus albacares","no","no","yes","Shea et al. 2025",NA,"tuna","no","yes","MYS"
"Malaysia",NA,NA,"no","yes","no","Shea et al. 2025",NA,"NA","no","yes","MYS"
"Oman","frigate and bullet tunas","auxis","no","no","yes","Shea et al. 2025",NA,"tuna","no","yes","OMN"
"Oman","longtail tuna","thunnus tonggol","no","no","yes","Shea et al. 2025",NA,"tuna","no","yes","OMN"
"Oman","sardine","sardina pilchardus","no","yes","no","Shea et al. 2025",NA,"sardine","no","yes","OMN"
"Oman","skipjack tuna","katsuwonus pelamis","no","no","yes","Shea et al. 2025",NA,"tuna","no","yes","OMN"
"Oman","tuna-like fishes nei","perciformes","no","no","yes","Shea et al. 2025",NA,"tuna","no","yes","OMN"
"Oman","yellowfin tuna","thunnus albacares","no","no","yes","Shea et al. 2025",NA,"tuna","no","yes","OMN"
"Oman",NA,NA,"no","no","yes","Shea et al. 2025",NA,"NA","no","yes","OMN"
"Oman",NA,NA,"no","yes","no","Shea et al. 2025",NA,"NA","no","yes","OMN"
"Papua New Guinea","bigeye tuna","thunnus obesus","no","no","yes","Shea et al. 2025",NA,"tuna","no","yes","PNG"
"Papua New Guinea","skipjack tuna","katsuwonus pelamis","no","no","yes","Shea et al. 2025",NA,"tuna","no","yes","PNG"
"Papua New Guinea","yellowfin tuna","thunnus albacares","no","no","yes","Shea et al. 2025",NA,"tuna","no","yes","PNG"
"Poland","skipjack tuna","katsuwonus pelamis","no","no","yes","Shea et al. 2025",NA,"tuna","no","yes","POL"
"Poland","tuna-like fishes nei","perciformes","no","no","yes","Shea et al. 2025",NA,"tuna","no","yes","POL"
"Seychelles","atlantic bluefin tuna","thunnus thynnus","no","no","yes","Shea et al. 2025",NA,"tuna","no","yes","SYC"
"Seychelles","bigeye tuna","thunnus obesus","no","no","yes","Shea et al. 2025",NA,"tuna","no","yes","SYC"
"Seychelles","dogtooth tuna","gymnosarda unicolor","no","no","yes","Shea et al. 2025",NA,"tuna","no","yes","SYC"
"Seychelles","frigate and bullet tunas","auxis","no","no","yes","Shea et al. 2025",NA,"tuna","no","yes","SYC"
"Seychelles","frigate tuna","auxis thazard","no","no","yes","Shea et al. 2025",NA,"tuna","no","yes","SYC"
"Seychelles","longtail tuna","thunnus tonggol","no","no","yes","Shea et al. 2025",NA,"tuna","no","yes","SYC"
"Seychelles","skipjack tuna","katsuwonus pelamis","no","no","yes","Shea et al. 2025",NA,"tuna","no","yes","SYC"
"Seychelles","southern bluefin tuna","thunnus maccoyii","no","no","yes","Shea et al. 2025",NA,"tuna","no","yes","SYC"
"Seychelles","tuna-like fishes nei","perciformes","no","no","yes","Shea et al. 2025",NA,"tuna","no","yes","SYC"
"Seychelles","yellowfin tuna","thunnus albacares","no","no","yes","Shea et al. 2025",NA,"tuna","no","yes","SYC"
"Thailand","albacore tuna","thunnus alalunga","no","no","yes","Shea et al. 2025",NA,"albacore tuna","no","yes","THA"
"Thailand","atlantic mackerel","scomber scombrus","no","no","yes","Shea et al. 2025",NA,"atlantic mackerel","no","yes","THA"
"Thailand","atlantic salmon","salmo salar","yes","no","yes","Shea et al. 2025",NA,"atlantic salmon","no","no","THA"
"Thailand","bigeye tuna","thunnus obesus","no","no","yes","Shea et al. 2025",NA,"tuna, bigeye tuna","no","yes","THA"
"Thailand","chub mackerel","scomber japonicus","no","no","yes","Shea et al. 2025",NA,"chub mackerel","no","yes","THA"
"Thailand","chum salmon","oncorhynchus keta","no","no","yes","Shea et al. 2025",NA,"chum salmon","no","yes","THA"
"Thailand","chum salmon","oncorhynchus keta","yes","no","yes","Shea et al. 2025",NA,"chum salmon","no","no","THA"
"Thailand","coho salmon","oncorhynchus kisutch","yes","no","yes","Shea et al. 2025",NA,"coho salmon","no","no","THA"
"Thailand","frigate and bullet tunas","auxis","no","no","yes","Shea et al. 2025",NA,"tuna","no","yes","THA"
"Thailand","frigate tuna","auxis thazard","no","no","yes","Shea et al. 2025",NA,"tuna, frigate tuna","no","yes","THA"
"Thailand","grass crap","ctenopharyngodon idella","yes","no","yes","Shea et al. 2025",NA,"grass crap","no","no","THA"
"Thailand","indian mackerel","rastrelliger kanagurta","no","no","yes","Shea et al. 2025",NA,"indian mackerel","no","yes","THA"
"Thailand","indian oil sardine","sardinella longiceps","no","no","yes","Shea et al. 2025",NA,"indian oil sardine","no","yes","THA"
"Thailand","japanese amberjack / yellowtail / buri","seriola quinqueradiata","no","no","yes","Shea et al. 2025",NA,"japanese amberjack / yellowtail / buri","no","yes","THA"
"Thailand","japanese pilchard","sardinops sagax","no","no","yes","Shea et al. 2025",NA,"japanese pilchard","no","yes","THA"
"Thailand","japanese scad","decapterus maruadsi","no","no","yes","Shea et al. 2025",NA,"japanese scad","no","yes","THA"
"Thailand","kawakawa","euthynnus affinis","no","no","yes","Shea et al. 2025",NA,"kawakawa","no","yes","THA"
"Thailand","longtail tuna","thunnus tonggol","no","no","yes","Shea et al. 2025",NA,"tuna, longtail tuna","no","yes","THA"
"Thailand","mud carp","cirrhinus molitorella","yes","no","yes","Shea et al. 2025",NA,"mud carp","no","no","THA"
"Thailand","nile tilapia","oreochromis niloticus","yes","no","yes","Shea et al. 2025",NA,"nile tilapia","no","no","THA"
"Thailand","pacific chub mackerel","scomber japonicus","no","no","yes","Shea et al. 2025",NA,"pacific chub mackerel","no","yes","THA"
"Thailand","pink salmon","oncorhynchus gorbuscha","no","no","yes","Shea et al. 2025",NA,"pink salmon","no","yes","THA"
"Thailand","rainbow trout","oncorhynchus mykiss","yes","no","yes","Shea et al. 2025",NA,"rainbow trout","no","no","THA"
"Thailand","seven-striped barb","probarbus jullieni","yes","no","yes","Shea et al. 2025",NA,"seven-striped barb","no","no","THA"
"Thailand","skipjack tuna","katsuwonus pelamis","no","no","yes","Shea et al. 2025",NA,"tuna, skipjack tuna","no","yes","THA"
"Thailand","sockeye salmon","oncorhynchus nerka","no","no","yes","Shea et al. 2025",NA,"sockeye salmon","no","yes","THA"
"Thailand","southern bluefin tuna","thunnus maccoyii","no","no","yes","Shea et al. 2025",NA,"tuna","no","yes","THA"
"Thailand","stripped catfish","pangasius hypophthalmas","yes","no","yes","Shea et al. 2025",NA,"stripped catfish","no","no","THA"
"Thailand","tuna-like fishes nei","perciformes","no","no","yes","Shea et al. 2025",NA,"tuna","no","yes","THA"
"Thailand","walking catfish","clarias batrachus","yes","no","yes","Shea et al. 2025",NA,"walking catfish","no","no","THA"
"Thailand","yellowfin sole","limanda aspera","no","no","yes","Shea et al. 2025",NA,"yellowfin sole","no","yes","THA"
"Thailand","yellowfin tuna","thunnus albacares","no","no","yes","Shea et al. 2025",NA,"tuna, yellowfin tuna","no","yes","THA"
"Thailand","yellowtall","seriola quinqueradiata","no","no","yes","Shea et al. 2025",NA,"yellowtall","no","yes","THA"
"Turkey","atlantic bluefin tuna","thunnus thynnus","no","no","yes","Shea et al. 2025",NA,"tuna","no","yes","TUR"
"Turkey","black sea anchovy","engraulis encrasicolus","no","yes","no","Shea et al. 2025",NA,"black sea anchovy","no","yes","TUR"
"Turkey","bullet tuna","auxis rochei","no","no","yes","Shea et al. 2025",NA,"tuna","no","yes","TUR"
"Turkey","european pilchard(=sardine)","sardina pilchardus","no","no","yes","Shea et al. 2025",NA,"sardine","no","yes","TUR"
"Turkey","frigate and bullet tunas","auxis","no","no","yes","Shea et al. 2025",NA,"tuna","no","yes","TUR"
"Taiwan","atlantic bluefin tuna","thunnus thynnus","no","no","yes","Shea et al. 2025",NA,"tuna","no","yes","TWN"
"Taiwan","bigeye tuna","thunnus obesus","no","no","yes","Shea et al. 2025",NA,"tuna","no","yes","TWN"
"Taiwan","blue shark","prionace glauca","no","no","yes","Shea et al. 2025",NA,"shark","no","yes","TWN"
"Taiwan","cod",NA,"no","no","yes","Shea et al. 2025",NA,"cod","no","yes","TWN"
"Taiwan","frigate and bullet tunas","auxis","no","no","yes","Shea et al. 2025",NA,"tuna","no","yes","TWN"
"Taiwan","hammerhead sharks, etc. nei","sphyrnidae","no","no","yes","Shea et al. 2025",NA,"shark","no","yes","TWN"
"Taiwan","japanese topeshark","hemitriakis japanica","no","no","yes","Shea et al. 2025",NA,"shark","no","yes","TWN"
"Taiwan","longtail tuna","thunnus tonggol","no","no","yes","Shea et al. 2025",NA,"tuna","no","yes","TWN"
"Taiwan","oceanic whitetip shark","carcharhinus longimanus","no","no","yes","Shea et al. 2025",NA,"shark","no","yes","TWN"
"Taiwan","pacific bluefin tuna","thunnus orientalis","no","no","yes","Shea et al. 2025",NA,"tuna","no","yes","TWN"
"Taiwan","salmon",NA,"no","no","yes","Shea et al. 2025",NA,"salmon","no","yes","TWN"
"Taiwan","sardine",NA,"no","no","yes","Shea et al. 2025",NA,"sardine","no","yes","TWN"
"Taiwan","sharks, rays, skates, etc. nei","elasmobranchii","no","no","yes","Shea et al. 2025",NA,"shark","no","yes","TWN"
"Taiwan","silky shark","carcharhinus falciformis","no","no","yes","Shea et al. 2025",NA,"shark","no","yes","TWN"
"Taiwan","skipjack tuna","katsuwonus pelamis","no","no","yes","Shea et al. 2025",NA,"tuna","no","yes","TWN"
"Taiwan","southern bluefin tuna","thunnus maccoyii","no","no","yes","Shea et al. 2025",NA,"tuna","no","yes","TWN"
"Taiwan","thresher sharks nei","alopias","no","no","yes","Shea et al. 2025",NA,"shark","no","yes","TWN"
"Taiwan","tuna-like fishes nei","perciformes","no","no","yes","Shea et al. 2025",NA,"tuna","no","yes","TWN"
"Taiwan","yellowfin tuna","thunnus albacares","no","no","yes","Shea et al. 2025",NA,"tuna","no","yes","TWN"
"United States of America","atlantic halibut","hippoglossus hippoglossus","no","no","yes","Shea et al. 2025",NA,"halibut","no","yes","USA"
"United States of America","atlantic salmon","salmo salar","no","no","yes","Shea et al. 2025",NA,"salmon","no","yes","USA"
"United States of America","bastard halibuts nei","paralichthys","no","no","yes","Shea et al. 2025",NA,"halibut","no","yes","USA"
"United States of America","chinook(=spring=king) salmon","oncorhynchus tshawytscha","no","no","yes","Shea et al. 2025",NA,"salmon","no","yes","USA"
"United States of America","chum(=keta=dog) salmon","oncorhynchus keta","no","no","yes","Shea et al. 2025",NA,"salmon","no","yes","USA"
"United States of America","cod","gadus macrocephalus","no","no","yes","Shea et al. 2025",NA,"cod","no","yes","USA"
"United States of America","coho(=silver) salmon","oncorhynchus kisutch","no","no","yes","Shea et al. 2025",NA,"salmon","no","yes","USA"
"United States of America","greenland halibut","reinhardtius hippoglossoides","no","no","yes","Shea et al. 2025",NA,"halibut","no","yes","USA"
"United States of America","gulf menhaden","brevoortia patronus","no","yes","no","Shea et al. 2025",NA,"gulf menhaden","no","yes","USA"
"United States of America","menhaden","merlangius merlangus","no","yes","no","Shea et al. 2025",NA,"menhaden","no","yes","USA"
"United States of America","pacific cod","gadus macrocephalus","no","no","yes","Shea et al. 2025",NA,"pacific cod","no","yes","USA"
"United States of America","pacific halibut","hippoglossus stenolepis","no","no","yes","Shea et al. 2025",NA,"halibut","no","yes","USA"
"United States of America","pink(=humpback) salmon","oncorhynchus gorbuscha","no","no","yes","Shea et al. 2025",NA,"salmon","no","yes","USA"
"United States of America","pollock","pollachius virens","no","no","yes","Shea et al. 2025",NA,"pollock","no","yes","USA"
"United States of America","sockeye(=red) salmon","oncorhynchus nerka","no","no","yes","Shea et al. 2025",NA,"salmon","no","yes","USA"
"United States of America","whiting","merlangius merlangus","no","yes","no","Shea et al. 2025",NA,"whiting","no","yes","USA"
"United States of America",NA,NA,"no","no","yes","Shea et al. 2025",NA,"NA","no","yes","USA"
"Norway","anglerfish","lophius budegassa","no","no","yes","Shea et al. 2025",NA,"anglerfish","no","yes","NOR"
"Norway","anglerfish","lophius piscatorius","no","no","yes","Shea et al. 2025",NA,"anglerfish","no","yes","NOR"
"Norway","antarctic krill","euphausia superba","no","yes","no","Shea et al. 2025",NA,"krill","no","yes","NOR"
"Norway","atlantic salmon","salmo salar","yes","no","yes","Shea et al. 2025",NA,"atlantic salmon","no","no","NOR"
"Norway","blue whiting","micromesistius poutassou","no","no","yes","Shea et al. 2025",NA,"blue whiting","no","yes","NOR"
"Norway","calanus zooplankton","calanus finmarchicus","no","yes","no","Shea et al. 2025",NA,"calanus zooplankton","no","yes","NOR"
"Norway","capelin","mallotus villosus","no","no","yes","Shea et al. 2025",NA,"capelin","no","yes","NOR"
"Norway","capelin","mallotus villosus","no","yes","no","Shea et al. 2025",NA,"capelin","no","yes","NOR"
"Norway","cod","gadus morhua","no","no","yes","Shea et al. 2025",NA,"cod","no","yes","NOR"
"Norway","deepwater redfish","sebastes mentella","no","no","yes","Shea et al. 2025",NA,"deepwater redfish","no","yes","NOR"
"Norway","haddock","melanogrammus aeglefinus","no","no","yes","Shea et al. 2025",NA,"haddock","no","yes","NOR"
"Norway","herring","clupea harengus","no","no","yes","Shea et al. 2025",NA,"herring","no","yes","NOR"
"Norway","horse mackerel","trachurus trachurus","no","no","yes","Shea et al. 2025",NA,"horse mackerel","no","yes","NOR"
"Norway","mackerel","scomber scombrus","no","no","yes","Shea et al. 2025",NA,"mackerel","no","yes","NOR"
"Norway","norway pout","trisopterus esmarkii","no","yes","no","Shea et al. 2025",NA,"norway pout","no","yes","NOR"
"Norway","norway silvery cod","gadiculus thori","no","no","yes","Shea et al. 2025",NA,"norway silvery cod","no","yes","NOR"
"Norway","norwegian krill","meganyctiphanes norvegica","no","yes","no","Shea et al. 2025",NA,"krill","no","yes","NOR"
"Norway","rainbow trout","oncorhynchus mykiss","yes","no","yes","Shea et al. 2025",NA,"rainbow trout","no","no","NOR"
"Norway","saithe","pollachius virens","no","no","yes","Shea et al. 2025",NA,"saithe","no","yes","NOR"
"Norway","sprat","sprattus sprattus","no","no","yes","Shea et al. 2025",NA,"sprat","no","yes","NOR"
"Norway","whiting","merlangius merlangus","no","no","yes","Shea et al. 2025",NA,"whiting","no","yes","NOR"
"New Zealand","bigeye tuna","thunnus obesus","no","no","yes","Shea et al. 2025",NA,"tuna","no","yes","NZL"
"New Zealand","frigate and bullet tunas","auxis","no","no","yes","Shea et al. 2025",NA,"tuna","no","yes","NZL"
"New Zealand","hoki","macruronus novaezelandiae","no","no","yes","Shea et al. 2025",NA,"hoki","no","yes","NZL"
"New Zealand","king salmon","oncorhynchus tshawytscha","yes","no","yes","Shea et al. 2025",NA,"king salmon","no","no","NZL"
"New Zealand","pacific bluefin tuna","thunnus orientalis","no","no","yes","Shea et al. 2025",NA,"tuna","no","yes","NZL"
"New Zealand","skipjack tuna","katsuwonus pelamis","no","no","yes","Shea et al. 2025",NA,"tuna","no","yes","NZL"
"New Zealand","slender tuna","allothunnus fallai","no","no","yes","Shea et al. 2025",NA,"tuna","no","yes","NZL"
"New Zealand","southern bluefin tuna","thunnus maccoyii","no","no","yes","Shea et al. 2025",NA,"tuna","no","yes","NZL"
"New Zealand","tuna-like fishes nei","perciformes","no","no","yes","Shea et al. 2025",NA,"tuna","no","yes","NZL"
"New Zealand","yellowfin tuna","thunnus albacares","no","no","yes","Shea et al. 2025",NA,"tuna","no","yes","NZL"
"New Zealand",NA,NA,"no","no","yes","Shea et al. 2025",NA,"NA","no","yes","NZL"
"Canada","pink(=humpback) salmon","oncorhynchus gorbuscha","no","no","yes","Shea et al. 2025",NA,"salmon","no","yes","CAN"
"Canada","chum(=keta=dog) salmon","oncorhynchus keta","no","no","yes","Shea et al. 2025",NA,"salmon","no","yes","CAN"
"Canada","coho(=silver) salmon","oncorhynchus kisutch","no","no","yes","Shea et al. 2025",NA,"salmon","no","yes","CAN"
"Canada","rainbow trout","oncorhynchus mykiss","no","no","yes","Shea et al. 2025",NA,"salmon","no","yes","CAN"
"Canada","sockeye(=red) salmon","oncorhynchus nerka","no","no","yes","Shea et al. 2025",NA,"salmon","no","yes","CAN"
"Canada","chinook(=spring=king) salmon","oncorhynchus tshawytscha","no","no","yes","Shea et al. 2025",NA,"salmon","no","yes","CAN"
"Ecuador","pacific thread herring","opisthonema libertate","no","no","yes","Shea et al. 2025",NA,"pacific thread herring","no","yes","ECU"
"Indonesia","spotted sardinella","amblygaster sirm","no","yes","no","Shea et al. 2025",NA,"lemuru","no","yes","IDN"
"Indonesia","spotted sardinella","amblygaster sirm","no","no","yes","Shea et al. 2025",NA,"lemuru","no","yes","IDN"
"Mauritania","sardinellas nei","sardinella","no","no","yes","Shea et al. 2025",NA,"sardinella","no","yes","MRT"
"Mexico","shortjaw leatherjacket","oligoplites refulgens","no","yes","no","Shea et al. 2025",NA,"sardine","no","yes","MEX"
"Mexico","pacific thread herring","opisthonema libertate","no","yes","no","Shea et al. 2025",NA,"thread herring","no","yes","MEX"
"Panama","pacific thread herring","opisthonema libertate","no","yes","no","Shea et al. 2025",NA,"pacific thread herring","no","yes","PAN"
"United Kingdom","megrims nei","lepidorhombus","no","no","yes","Shea et al. 2025",NA,"megrim","no","yes","GBR"
"United Kingdom","four-spot megrim","lepidorhombus boscii","no","no","yes","Shea et al. 2025",NA,"megrim","no","yes","GBR"
"United Kingdom","megrim","lepidorhombus whiffiagonis","no","no","yes","Shea et al. 2025",NA,"megrim","no","yes","GBR"
"United States of America","red hake","urophycis chuss","no","no","yes","Shea et al. 2025",NA,"hake","no","yes","USA"
"United States of America","white hake","urophycis tenuis","no","no","yes","Shea et al. 2025",NA,"hake","no","yes","USA"
"Gambia","sardinellas nei","sardinella","no","yes","no","Shea et al. 2025",NA,"Round sardinella","No","yes","GMB"
