"sciname","common_name","iso3c","capture","trim_prop","trimmings","wholefish"
"acanthogobius hasta","spear-tailed goby","CHN","yes",0,"no","yes"
"acanthopagrus latus","yellowfin seabream","CHN","yes",0,"no","yes"
"acanthopagrus schlegelii","blackhead seabream","CHN","yes",0,"no","yes"
"acentrogobius caninus","canine-spined goby","CHN","yes",0,"no","yes"
"acetes chinensis","chinese hairy shrimp","CHN","yes",0,"no","yes"
"acropoma hanedai","haneda's lightfish","CHN","yes",0,"no","yes"
"acropoma japonicum","japanese lightfish","CHN","yes",0,"no","yes"
"aesopia cornuta","horned sole","CHN","yes",0,"no","yes"
"alepes djedaba","shrimp scad","CHN","yes",0,"no","yes"
"alepes kleinii","kleins ponyfish","CHN","yes",0,"no","yes"
"allothunnus fallai","slender tuna","GBR","yes",1,"yes","no"
"allothunnus fallai","slender tuna","NZL","yes",1,"yes","no"
"alopias","thresher sharks nei","TWN","yes",1,"yes","no"
"alopias vulpinus","thresher","CRI","yes",1,"yes","no"
"alpheus brevicristatus","short-spined mantis shrimp","CHN","yes",0,"no","yes"
"alpheus distinguendus","distinct mantis shrimp","CHN","yes",0,"no","yes"
"alpheus japonicus","japanese mantis shrimp","CHN","yes",0,"no","yes"
"aluterus monoceros","unicorn leatherjacket filefish","IND","yes",0,"no","yes"
"ambassis gymnocephalus","bald glassy","CHN","yes",0,"no","yes"
"amblychaeturichthys hexanema","pinkgray goby","CHN","yes",0,"no","yes"
"amblychaeturichthys hexanema","six-threaded goby","CHN","yes",0,"no","yes"
"amblygaster sirm","spotted sardinella","IDN","yes",0.5,"yes","yes"
"ammodytes","sandeels(=sandlances) nei","DNK","yes",0,"no","yes"
"ammodytes","sandeels(=sandlances) nei","FRO","yes",0,"no","yes"
"ammodytes","sandeels(=sandlances) nei","NOR","yes",0,"no","yes"
"ammodytes marinus","lesser sand-eel","DNK","yes",0,"no","yes"
"ammodytes personatus","pacific sandlance","CHN","yes",0,"no","yes"
"anchisquilla fasciata","striped-tail shrimp","CHN","yes",0,"no","yes"
"anchoa nasus","longnose anchovy","ECU","yes",0,"no","yes"
"antennarius striatus","striated frogfish","CHN","yes",0,"no","yes"
"antennarius striatus","striped frogfish","CHN","yes",0,"no","yes"
"aphanopus carbo","black scabbardfish","FRA","yes",1,"yes","no"
"apistus carinatus","carinated scorpaenopsis","CHN","yes",0,"no","yes"
"aploactis aspera","rough scad","CHN","yes",0,"no","yes"
"apogon quadrifasciatus","four-lined apogon","CHN","yes",0,"no","yes"
"apogonichthys carinatus","spotfin cardinalfish","CHN","yes",0,"no","yes"
"apogonichthys lineatus","indian perch","CHN","yes",0,"no","yes"
"arbacia lixula","black sea urchin","VNM","yes",0,"no","yes"
"argyrosomus argentatus","silver jewfish","CHN","yes",0,"no","yes"
"ariidae","sea catfishes nei","IND","yes",0,"no","yes"
"ariomma indica","indian driftfish","VNM","yes",0,"no","yes"
"ariosoma anago","common eel","CHN","yes",0,"no","yes"
"aristaeomorpha foliacea","giant red shrimp","ESP","yes",1,"yes","no"
"aristaeopsis edwardsiana","scarlet shrimp","ESP","yes",1,"yes","no"
"aristeidae","aristeid shrimps nei","ESP","yes",1,"yes","no"
"aristeus antennatus","blue and red shrimp","ESP","yes",1,"yes","no"
"aristeus varidens","striped red shrimp","ESP","yes",1,"yes","no"
"arius arius","sea catfish","CHN","yes",0,"no","yes"
"arius thalassinus","sea catfish (marine catfish)","CHN","yes",0,"no","yes"
"arnoglossus tenuis","sheep's tongue flatfish","CHN","yes",0,"no","yes"
"artemesia longinaris","argentine stiletto shrimp","ARG","yes",1,"yes","no"
"aseraggodes kobensis","brown-spotted scaldfish","CHN","yes",0,"no","yes"
"atherinomorus lacunosus","hardyhead silverside","CHN","yes",0,"no","yes"
"atrobucca nibe","blackmouth croaker","CHN","yes",0,"no","yes"
"atule mate","yellowtail scad","VNM","yes",0,"no","yes"
"atypopenaeus stenodactylus","flat-footed pseudocycus shrimp","CHN","yes",0,"no","yes"
"auxis","frigate and bullet tunas","ECU","yes",1,"yes","no"
"auxis","frigate and bullet tunas","ESP","yes",1,"yes","no"
"auxis","frigate and bullet tunas","GBR","yes",1,"yes","no"
"auxis","frigate and bullet tunas","IDN","yes",1,"yes","no"
"auxis","frigate and bullet tunas","MYS","yes",1,"yes","no"
"auxis","frigate and bullet tunas","NZL","yes",1,"yes","no"
"auxis","frigate and bullet tunas","OMN","yes",1,"yes","no"
"auxis","frigate and bullet tunas","SYC","yes",1,"yes","no"
"auxis","frigate and bullet tunas","THA","yes",1,"yes","no"
"auxis","frigate and bullet tunas","TUR","yes",1,"yes","no"
"auxis","frigate and bullet tunas","TWN","yes",1,"yes","no"
"auxis rochei","bullet tuna","ECU","yes",1,"yes","no"
"auxis rochei","bullet tuna","ESP","yes",1,"yes","no"
"auxis rochei","bullet tuna","IDN","yes",1,"yes","no"
"auxis rochei","bullet tuna","IND","yes",1,"yes","no"
"auxis rochei","bullet tuna","TUR","yes",1,"yes","no"
"auxis thazard","frigate tuna","ECU","yes",0.5,"yes","yes"
"auxis thazard","frigate tuna","ESP","yes",1,"yes","no"
"auxis thazard","frigate tuna","GBR","yes",1,"yes","no"
"auxis thazard","frigate tuna","IDN","yes",1,"yes","no"
"auxis thazard","frigate tuna","IND","yes",1,"yes","no"
"auxis thazard","frigate tuna","MYS","yes",1,"yes","no"
"auxis thazard","frigate tuna","SYC","yes",1,"yes","no"
"auxis thazard","frigate tuna","THA","yes",1,"yes","no"
"bembrops curvatura","curved bembrops","CHN","yes",0,"no","yes"
"benthosema pterotum","skinnycheek lanternfish","CHN","yes",0,"no","yes"
"bilaglobosa swatson","golden snail","VNM","yes",0,"no","yes"
"bleekeria viridianguilla","green bleekeria","CHN","yes",0,"no","yes"
"branchiostegus japonicus","horsehead tilefish","CHN","yes",0,"no","yes"
"bregmaceros macclellandii","macclelland's cusk-eel","CHN","yes",0,"no","yes"
"bregmaceros mcclellandi","unicorn cod","CHN","yes",0,"no","yes"
"brevoortia patronus","gulf menhaden","USA","yes",0,"no","yes"
"brevoortia tyrannus","atlantic menhaden","USA","yes",0,"no","yes"
"brosme brosme","tusk(=cusk)","GBR","yes",1,"yes","no"
"bufonaria rana","common frog shell","CHN","yes",0,"no","yes"
"butis koilomatodon","sawspine mudskipper","CHN","yes",0,"no","yes"
"caesio cuning","redbelly yellowtail fusilier","IND","yes",0,"no","yes"
"calanus finmarchicus","","NOR","yes",0,"no","yes"
"calappa granulata","shamefaced crab","VNM","yes",0,"no","yes"
"calappa hepatica","box crab","VNM","yes",0,"no","yes"
"callionymus curvicornis","curved-spined goby","CHN","yes",0,"no","yes"
"callionymus huguenini","spear dragonet","CHN","yes",0,"no","yes"
"callionymus japonicus","japanese callionymus","CHN","yes",0,"no","yes"
"callionymus octostigmatus","eight-spotted callionymus","CHN","yes",0,"no","yes"
"callionymus rivatoni","li's callionymus","CHN","yes",0,"no","yes"
"callionymus virgis","silkfin goby","CHN","yes",0,"no","yes"
"callioonymus olidus","odorous callionymus","CHN","yes",0,"no","yes"
"cancer pagurus","edible crab","IRL","yes",1,"yes","no"
"canthigaster rivulata","watermark pygmy pufferfish","CHN","yes",0,"no","yes"
"capros aper","boarfish","DNK","yes",0,"no","yes"
"capros aper","boarfish","GBR","yes",0,"no","yes"
"capros aper","boarfish","IRL","yes",1,"yes","no"
"caragobius rubristriatus","red eelgoby","CHN","yes",0,"no","yes"
"carangoides praeustus","brownback trevally","CHN","yes",0,"no","yes"
"carcharhinus falciformis","silky shark","TWN","yes",1,"yes","no"
"carcharhinus limbatus","blacktip shark","CRI","yes",1,"yes","no"
"carcharhinus longimanus","oceanic whitetip shark","TWN","yes",1,"yes","no"
"cepola schlegelii","indian spiny-headed redfish","CHN","yes",0,"no","yes"
"cetengraulis mysticetus","pacific anchoveta","CAN","yes",1,"yes","no"
"cetengraulis mysticetus","pacific anchoveta","ECU","yes",0,"no","yes"
"cetengraulis mysticetus","pacific anchoveta","MEX","yes",0,"no","yes"
"cetengraulis mysticetus","pacific anchoveta","PAN","yes",0,"no","yes"
"chaetodon modestus","modest butterflyfish","CHN","yes",0,"no","yes"
"chaeturichthys stigmatias","finespot goby","CHN","yes",0,"no","yes"
"chaeturichthys stigmatias","stigmatias goby","CHN","yes",0,"no","yes"
"champsodon atridorsalis","curved-back champsodon","CHN","yes",0,"no","yes"
"charybdis japonica","japanese stone crab","CHN","yes",0,"no","yes"
"chelidonichthys cuculus","red gurnard","GBR","yes",1,"yes","no"
"chelidonichthys spinosus","spiny armored gurnard","CHN","yes",0,"no","yes"
"chloroscombrus orqueta","pacific bumper","CAN","yes",1,"yes","no"
"chrysochir aureus","yellowfin tongue sole","CHN","yes",0,"no","yes"
"cirrhinus molitorella","mud carp","THA","no",1,"yes","no"
"clarias","catfishes nei","IND","yes",0,"no","yes"
"clarias batrachus","philippine catfish","THA","no",1,"yes","no"
"clupanodon thrissa","chinese gizzard shad","VNM","yes",0,"no","yes"
"clupea harengus","atlantic herring","CAN","yes",0.5,"yes","yes"
"clupea harengus","atlantic herring","DNK","yes",0.370370370370371,"yes","yes"
"clupea harengus","atlantic herring","ESP","yes",1,"yes","no"
"clupea harengus","atlantic herring","EST","yes",0.5,"yes","yes"
"clupea harengus","atlantic herring","FIN","yes",0,"no","yes"
"clupea harengus","atlantic herring","FRA","yes",0.5,"yes","yes"
"clupea harengus","atlantic herring","FRO","yes",1,"yes","no"
"clupea harengus","atlantic herring","GBR","yes",1,"yes","no"
"clupea harengus","atlantic herring","ISL","yes",0.5,"yes","yes"
"clupea harengus","atlantic herring","LVA","yes",1,"yes","no"
"clupea harengus","atlantic herring","NOR","yes",1,"yes","no"
"clupea harengus","atlantic herring","USA","yes",0,"no","yes"
"clupea leiogaster","sardine","VNM","yes",0,"no","yes"
"clupea pallasii","pacific herring","CAN","yes",0.5,"yes","yes"
"clupea pallasii","pacific herring","CHN","yes",0,"no","yes"
"clupea pallasii","pacific herring","IRL","yes",1,"yes","no"
"clupea pallasii","pacific herring","JPN","yes",0,"no","yes"
"clupea pallasii","pacific herring","USA","yes",0,"no","yes"
"cociella crocodila","crocodile flathead","CHN","yes",0,"no","yes"
"cociella crocodilus","crocodile eel","CHN","yes",0,"no","yes"
"coelorinchus kamoharai","kamohara's cusk-eel","CHN","yes",0,"no","yes"
"coilia mystus","mystus grenadier anchovy","CHN","yes",0,"no","yes"
"coilia mystus","osbeck's grenadier anchovy","CHN","yes",0,"no","yes"
"coilia nasus","nasus grenadier anchovy","CHN","yes",0,"no","yes"
"collichthys lucidus","spiny-headed meitong","CHN","yes",0,"no","yes"
"collichthys lucidus","spinyhead croaker","CHN","yes",0,"no","yes"
"conger myriaster","whitespotted conger","CHN","yes",0,"no","yes"
"coptodon rendalli","redbreast tilapia","CHN","no",1,"yes","no"
"coptodon zillii","redbelly tilapia","CHN","no",1,"yes","no"
"coryphaena hippurus","common dolphinfish","CRI","yes",1,"yes","no"
"coryphaena hippurus","common dolphinfish","ECU","yes",1,"yes","no"
"crangon","crangon shrimps nei","ESP","yes",1,"yes","no"
"crangon crangon","common shrimp","ESP","yes",1,"yes","no"
"crossorhombus azureus","blue crossorhombus","CHN","yes",0,"no","yes"
"ctenopharyngodon idella","grass carp(=white amur)","THA","no",1,"yes","no"
"cynoglossus bilineatus","flounder","VNM","yes",0,"no","yes"
"cynoglossus gracilis","narrow-bodied tongue sole","CHN","yes",0,"no","yes"
"cynoglossus joyneri","joyner's tongue sole","CHN","yes",0,"no","yes"
"cynoglossus kopsii","shortheaded tonguesole","CHN","yes",0,"no","yes"
"cynoglossus oligolepis","few-scaled tongue sole","CHN","yes",0,"no","yes"
"cynoglossus puncticeps","punctate tongue sole","CHN","yes",0,"no","yes"
"cynoglossus robustus","robust tonguefish","CHN","yes",0,"no","yes"
"cynoglossus roulei","black-gill tongue sole","CHN","yes",0,"no","yes"
"cynoglossus sibogae","western tongue sole","CHN","yes",0,"no","yes"
"cynoglossus trigrammus","three-lined tongue sole","CHN","yes",0,"no","yes"
"cypselurus poecilopterus","yellowing flyingfish","VNM","yes",0,"no","yes"
"dactylopterus orientalis","oriental flying gurnard","CHN","yes",0,"no","yes"
"dasyatis","stingrays nei","VNM","yes",0,"no","yes"
"decapterus","scads nei","VNM","yes",0,"no","yes"
"decapterus macasellus","mackerel scad","CHN","yes",0,"no","yes"
"decapterus macrosoma","shortfin scad","ECU","yes",0,"no","yes"
"decapterus maruadsi","japanese scad","CHN","yes",0,"no","yes"
"decapterus maruadsi","japanese scad","THA","yes",1,"yes","no"
"dendrochirus bellus","beautiful shortfin scad","CHN","yes",0,"no","yes"
"dendrophysa russelii","russell’s dendrophysa","CHN","yes",0,"no","yes"
"deveximentum insidiator","pugnose ponyfish","IND","yes",0,"no","yes"
"dicentrarchus labrax","european seabass","ESP","no",1,"yes","no"
"diplogrammus xenicus","strange double-line callionymus","CHN","yes",0,"no","yes"
"doederleinia berycoides","blackthroat seaperch","CHN","yes",0,"no","yes"
"doryteuthis gahi","patagonian squid","KOR","yes",1,"yes","no"
"dosidicus gigas","jumbo flying squid","KOR","yes",1,"yes","no"
"dussumieria acuta","rainbow sardine","IDN","yes",0.5,"yes","yes"
"dysomma melanurum","black-tailed eel","CHN","yes",0,"no","yes"
"elasmobranchii","sharks, rays, skates, etc. nei","TWN","yes",1,"yes","no"
"eleutheronema rhadinum","fourfinger threadfin","CHN","yes",0,"no","yes"
"engraulidae","anchovies, etc. nei","IND","yes",0,"no","yes"
"engraulidae","anchovies, etc. nei","THA","yes",0,"no","yes"
"engraulis encrasicolus","european anchovy","ARE","yes",0,"no","yes"
"engraulis encrasicolus","european anchovy","CHN","yes",1,"yes","no"
"engraulis encrasicolus","european anchovy","DEU","yes",0,"no","yes"
"engraulis encrasicolus","european anchovy","ESP","yes",1,"yes","no"
"engraulis encrasicolus","european anchovy","GEO","yes",0,"no","yes"
"engraulis encrasicolus","european anchovy","IRL","yes",0.666666666666667,"yes","yes"
"engraulis encrasicolus","european anchovy","MAR","yes",0,"no","yes"
"engraulis encrasicolus","european anchovy","TUR","yes",0,"no","yes"
"engraulis encrasicolus","european anchovy","ZAF","yes",0,"no","yes"
"engraulis japonicus","japanese anchovy","CHN","yes",0.25,"yes","yes"
"engraulis japonicus","japanese anchovy","JPN","yes",0,"no","yes"
"engraulis mordax","californian anchovy","CAN","yes",1,"yes","no"
"engraulis mordax","californian anchovy","MEX","yes",0,"no","yes"
"engraulis ringens","anchoveta(=peruvian anchovy)","CHL","yes",0.0380952380952381,"yes","yes"
"engraulis ringens","anchoveta(=peruvian anchovy)","FRA","yes",0,"no","yes"
"engraulis ringens","anchoveta(=peruvian anchovy)","PER","yes",0,"no","yes"
"equulites lineolatus","striped scad","CHN","yes",0,"no","yes"
"equulites rivulatus","barred mackerel","CHN","yes",0,"no","yes"
"equulites rivulatus","offshore ponyfish","CHN","yes",0,"no","yes"
"erisphex pottii","pott's erisphex","CHN","yes",0,"no","yes"
"erisphex pottii","spotted velvetfish","CHN","yes",0,"no","yes"
"erisphex simplex","smooth erisphex","CHN","yes",0,"no","yes"
"ethmalosa fimbriata","bonga shad","GMB","yes",0,"no","yes"
"etrumeus sadina","red-eye round herring","MEX","yes",0,"no","yes"
"etrumeus whiteheadi","whitehead's round herring","ECU","yes",0.5,"yes","yes"
"etrumeus whiteheadi","whitehead's round herring","MEX","yes",0,"no","yes"
"etrumeus whiteheadi","whitehead's round herring","ZAF","yes",0,"no","yes"
"eubleekeria splendens","splendid ponyfish","IND","yes",0,"no","yes"
"euphausia superba","antarctic krill","CHL","yes",0,"no","yes"
"euphausia superba","antarctic krill","NOR","yes",0,"no","yes"
"eupleurogrammus muticus","smallhead hairtail","CHN","yes",0,"no","yes"
"euprymna morsei","mimika bobtail squid","CHN","yes",0,"no","yes"
"euthynnus affinis","kawakawa","THA","yes",1,"yes","no"
"euthynnus alletteratus","little tunny(=atl.black skipj)","CAN","yes",1,"yes","no"
"euthynnus lineatus","black skipjack","ECU","yes",1,"yes","no"
"evynnis cardinalis","red seabream","CHN","yes",0,"no","yes"
"exopalaemon annandalei","annes' white shrimp","CHN","yes",0,"no","yes"
"exopalaemon carinicouda","spine-tailed white shrimp","CHN","yes",0,"no","yes"
"farfantepenaeus brevirostris","crystal shrimp","CRI","yes",1,"yes","no"
"farfantepenaeus californiensis","yellowleg shrimp","CRI","yes",1,"yes","no"
"farfantepenaeus notialis","southern pink shrimp","ESP","yes",1,"yes","no"
"fistularia commersonii","bluespotted cornetfish","CHN","yes",0,"no","yes"
"gadiculus thori","silvery pout","NOR","yes",1,"yes","no"
"gadus chalcogrammus","alaska pollock(=walleye poll.)","VNM","yes",1,"yes","no"
"gadus macrocephalus","pacific cod","USA","yes",1,"yes","no"
"gadus macrocephalus","pacific cod","VNM","yes",1,"yes","no"
"gadus morhua","atlantic cod","DNK","yes",1,"yes","no"
"gadus morhua","atlantic cod","FRA","yes",1,"yes","no"
"gadus morhua","atlantic cod","GBR","yes",1,"yes","no"
"gadus morhua","atlantic cod","LVA","yes",1,"yes","no"
"gadus morhua","atlantic cod","NOR","yes",1,"yes","no"
"gadus morhua","atlantic cod","VNM","yes",1,"yes","no"
"gazza minuta","toothpony","CHN","yes",0,"no","yes"
"genyonemus lineatus","white croaker","CHN","yes",0,"no","yes"
"gerres equulus","japanese silver biddy","CHN","yes",0,"no","yes"
"gerres erythrourus","red-tailed mojarra","CHN","yes",0,"no","yes"
"gerres filamentosus","threadfin silver biddy","CHN","yes",0,"no","yes"
"gerres filamentosus","whipfin silver biddy","CHN","yes",0,"no","yes"
"gerres japonicus","japanese silver perch","CHN","yes",0,"no","yes"
"gerres longirostris","strongspine silver-biddy","CHN","yes",0,"no","yes"
"gerres oblongus","slender silver-biddy","CHN","yes",0,"no","yes"
"glossogobius olivaceus","olive goby","CHN","yes",0,"no","yes"
"glyptocephalus cynoglossus","witch flounder","GBR","yes",1,"yes","no"
"gnathophis heterognathos","heterognathous eel","CHN","yes",0,"no","yes"
"gnathophis nystromi","nystrom's eel","CHN","yes",0,"no","yes"
"grammoplites scaber","scad","CHN","yes",0,"no","yes"
"gymnosarda unicolor","dogtooth tuna","GBR","yes",1,"yes","no"
"gymnosarda unicolor","dogtooth tuna","IDN","yes",1,"yes","no"
"gymnosarda unicolor","dogtooth tuna","SYC","yes",1,"yes","no"
"gymnothorax reticularis","reticulate moray","CHN","yes",0,"no","yes"
"haemulopsis axillaris",NA,"ECU","yes",1,"yes","no"
"harpadon nehereus","bombay-duck","CHN","yes",0,"no","yes"
"hemirhamphus far","half break","VNM","yes",0,"no","yes"
"hemitriakis japanica","japanese topeshark","TWN","yes",1,"yes","no"
"heniochus chrysostomus","single-spined heniochus","CHN","yes",0,"no","yes"
"hexagrammos otakii","fat grrenling","CHN","yes",0,"no","yes"
"hippoglossus hippoglossus","atlantic halibut","USA","yes",1,"yes","no"
"hippoglossus stenolepis","pacific halibut","USA","yes",1,"yes","no"
"holothuria atra","lollyfish","VNM","yes",0,"no","yes"
"hoplichthys langsdorfii","langsdorff's hoplichthys","CHN","yes",0,"no","yes"
"hygophum proximum","firefly lanternfish","CHN","yes",0,"no","yes"
"hyporhamphus sajori","japanese halfbeak","CHN","yes",0,"no","yes"
"hyriopsis cumingii","fresh water oyster","VNM","yes",0,"no","yes"
"ilisha elongata","elongate ilisha","CHN","yes",0,"no","yes"
"ilisha melastoma","blackmouth ilisha","CHN","yes",0,"no","yes"
"illex argentinus","argentine shortfin squid","KOR","yes",1,"yes","no"
"inegocia japonica","japanese pufferfish","CHN","yes",0,"no","yes"
"istiophoridae","marlins,sailfishes,etc. nei","CRI","yes",1,"yes","no"
"istiophorus platypterus","indo-pacific sailfish","CRI","yes",1,"yes","no"
"japonolaeops dentatus","japanese left-eyed flounder","CHN","yes",0,"no","yes"
"jaydia carinatus","one-spotted snapper","CHN","yes",0,"no","yes"
"jaydia ellioti","black-edged snapper","CHN","yes",0,"no","yes"
"jaydia lineata","fine-striped snapper","CHN","yes",0,"no","yes"
"johnius belengerii","belenger's croaker","CHN","yes",0,"no","yes"
"johnius borneensis","bornean croaker","CHN","yes",0,"no","yes"
"johnius carouna","caroun croaker","CHN","yes",0,"no","yes"
"johnius distinctus","distinct croaker","CHN","yes",0,"no","yes"
"johnius grypotus","grayfin croaker","CHN","yes",0,"no","yes"
"johnius sp.","taiwan callionymus*","CHN","yes",0,"no","yes"
"johnius trewavasae","trewavas’ croaker","CHN","yes",0,"no","yes"
"kajikia audax","striped marlin","CRI","yes",1,"yes","no"
"katsuwonus pelamis","skipjack tuna","CAN","yes",1,"yes","no"
"katsuwonus pelamis","skipjack tuna","CRI","yes",1,"yes","no"
"katsuwonus pelamis","skipjack tuna","ECU","yes",1,"yes","no"
"katsuwonus pelamis","skipjack tuna","ESP","yes",1,"yes","no"
"katsuwonus pelamis","skipjack tuna","GBR","yes",1,"yes","no"
"katsuwonus pelamis","skipjack tuna","IDN","yes",1,"yes","no"
"katsuwonus pelamis","skipjack tuna","IND","yes",1,"yes","no"
"katsuwonus pelamis","skipjack tuna","MEX","yes",1,"yes","no"
"katsuwonus pelamis","skipjack tuna","MUS","yes",1,"yes","no"
"katsuwonus pelamis","skipjack tuna","MYS","yes",1,"yes","no"
"katsuwonus pelamis","skipjack tuna","NZL","yes",1,"yes","no"
"katsuwonus pelamis","skipjack tuna","OMN","yes",1,"yes","no"
"katsuwonus pelamis","skipjack tuna","PHL","yes",1,"yes","no"
"katsuwonus pelamis","skipjack tuna","PNG","yes",1,"yes","no"
"katsuwonus pelamis","skipjack tuna","POL","yes",1,"yes","no"
"katsuwonus pelamis","skipjack tuna","SLV","yes",1,"yes","no"
"katsuwonus pelamis","skipjack tuna","SYC","yes",1,"yes","no"
"katsuwonus pelamis","skipjack tuna","THA","yes",1,"yes","no"
"katsuwonus pelamis","skipjack tuna","TUN","yes",1,"yes","no"
"katsuwonus pelamis","skipjack tuna","TWN","yes",1,"yes","no"
"katsuwonus pelamis","skipjack tuna","VNM","yes",1,"yes","no"
"konosirus punctatus","dotted gizzard shad","CHN","yes",0,"no","yes"
"lagocephalus wheeleri","wheeler's rabbitfish","CHN","yes",0,"no","yes"
"larimichthys crocea","large yellow croaker","CHN","yes",0,"no","yes"
"larimichthys polyactis","yellow croaker","CHN","yes",0,"no","yes"
"lateolabrax japonicus","japanese seabass","CHN","yes",0,"no","yes"
"lates calcarifer","barramundi(=giant seaperch)","VNM","no",1,"yes","no"
"leiognathus","ponyfishes(=slipmouths)","VNM","yes",0,"no","yes"
"leiognathus berbis","berbis ponyfish","CHN","yes",0,"no","yes"
"leiognathus brevirostris","short-nosed scad","CHN","yes",0,"no","yes"
"leiognathus brevirostris","shortnose ponyfish","CHN","yes",0,"no","yes"
"lepidorhombus","megrims nei","GBR","yes",1,"yes","no"
"lepidorhombus boscii","four-spot megrim","GBR","yes",1,"yes","no"
"lepidorhombus whiffiagonis","megrim","GBR","yes",1,"yes","no"
"lepidotrigla alata","alata lepidotrigla","CHN","yes",0,"no","yes"
"lepidotrigla alata","forksnout searobin","CHN","yes",0,"no","yes"
"lepturacanthus savala","savalai hairtail","CHN","yes",0,"no","yes"
"limanda aspera","yellowfin sole","THA","yes",1,"yes","no"
"litopenaeus vannamei","whiteleg shrimp","CRI","yes",1,"yes","no"
"litopenaeus vannamei","whiteleg shrimp","ESP","yes",1,"yes","no"
"litopenaeus vannamei","whiteleg shrimp","YEM","no",1,"yes","no"
"liza carinata","carinate mullet","CHN","yes",0,"no","yes"
"liza carinata","keeled mullet","CHN","yes",0,"no","yes"
"liza haematocheila","chinese grey mullet","CHN","yes",0,"no","yes"
"loligo","common squids nei","KOR","yes",1,"yes","no"
"loligo beka","beka squid","CHN","yes",0,"no","yes"
"loligo edulis","swordtip squid","CHN","yes",0,"no","yes"
"loligo vulgaris","european squid","FRA","yes",1,"yes","no"
"loligo vulgaris","european squid","GBR","yes",1,"yes","no"
"lophiidae","anglerfishes nei","IRL","yes",1,"yes","no"
"lophiomus setigerus","black-bellied anglerfish","CHN","yes",0,"no","yes"
"lophius budegassa","blackbellied angler","GBR","yes",1,"yes","no"
"lophius budegassa","blackbellied angler","NOR","yes",1,"yes","no"
"lophius litulon","yellow-bellied anglerfish","CHN","yes",0,"no","yes"
"lophius piscatorius","angler(=monk)","FRA","yes",1,"yes","no"
"lophius piscatorius","angler(=monk)","GBR","yes",1,"yes","no"
"lophius piscatorius","angler(=monk)","NOR","yes",1,"yes","no"
"lophosquilla costata","spine-backed shrimp","CHN","yes",0,"no","yes"
"lutjanidae","snappers, jobfishes nei","CRI","yes",1,"yes","no"
"lutjanus argentimaculatus","mangrove red snapper","IND","yes",0,"no","yes"
"lutjanus guttatus","spotted rose snapper","CRI","yes",1,"yes","no"
"macruronus novaezelandiae","blue grenadier","NZL","yes",1,"yes","no"
"maemulpsis axillaris",NA,"ECU","yes",0,"no","yes"
"mallotus villosus","capelin","CAN","yes",0,"no","yes"
"mallotus villosus","capelin","FRO","yes",0,"no","yes"
"mallotus villosus","capelin","ISL","yes",0,"no","yes"
"mallotus villosus","capelin","NOR","yes",0.222222222222222,"yes","yes"
"martialia hyadesi","sevenstar flying squid","KOR","yes",1,"yes","no"
"meganyctiphanes norvegica","norwegian krill","NOR","yes",0,"no","yes"
"melanogrammus aeglefinus","haddock","DNK","yes",1,"yes","no"
"melanogrammus aeglefinus","haddock","FRA","yes",1,"yes","no"
"melanogrammus aeglefinus","haddock","GBR","yes",1,"yes","no"
"melanogrammus aeglefinus","haddock","IRL","yes",1,"yes","no"
"melanogrammus aeglefinus","haddock","NOR","yes",1,"yes","no"
"melanogrammus aeglefinus","haddock","VNM","yes",1,"yes","no"
"mene maculata","moonfish","CHN","yes",0,"no","yes"
"mene maculate","moonfish","CHN","yes",0,"no","yes"
"merlangius merlangus","whiting","DNK","yes",1,"yes","no"
"merlangius merlangus","whiting","FRA","yes",1,"yes","no"
"merlangius merlangus","whiting","GBR","yes",1,"yes","no"
"merlangius merlangus","whiting","NOR","yes",1,"yes","no"
"merlangius merlangus","whiting","USA","yes",0,"no","yes"
"merluccius","hakes nei","IRL","yes",1,"yes","no"
"merluccius gayi","south pacific hake","ECU","yes",1,"yes","no"
"merluccius merluccius","european hake","DNK","yes",1,"yes","no"
"merluccius merluccius","european hake","FRA","yes",1,"yes","no"
"merluccius merluccius","european hake","GBR","yes",1,"yes","no"
"merluccius merluccius","european hake","IRL","yes",1,"yes","no"
"metapenaeopsis barbata","bearded pseudocycus shrimp","CHN","yes",0,"no","yes"
"metapenaeus","metapenaeus shrimps nei","ESP","yes",1,"yes","no"
"metapenaeus joyneri","shiba shrimp","CHN","yes",0,"no","yes"
"micromesistius poutassou","blue whiting(=poutassou)","DNK","yes",0,"no","yes"
"micromesistius poutassou","blue whiting(=poutassou)","ESP","yes",1,"yes","no"
"micromesistius poutassou","blue whiting(=poutassou)","FRO","yes",0,"no","yes"
"micromesistius poutassou","blue whiting(=poutassou)","IRL","yes",0.5,"yes","yes"
"micromesistius poutassou","blue whiting(=poutassou)","ISL","yes",0,"no","yes"
"micromesistius poutassou","blue whiting(=poutassou)","NOR","yes",0.5,"yes","yes"
"microstomus kitt","lemon sole","DNK","yes",1,"yes","no"
"microstomus kitt","lemon sole","GBR","yes",1,"yes","no"
"miichthys miiuy","mi-iuy (brown) croaker","CHN","yes",0,"no","yes"
"minous monodactylus","gray stingfish","CHN","yes",0,"no","yes"
"minous monodactylus","monodactylus scad","CHN","yes",0,"no","yes"
"miyakea nepa","long-tailed mantis shrimp","CHN","yes",0,"no","yes"
"molva dypterygia","blue ling","FRA","yes",1,"yes","no"
"molva molva","ling","FRA","yes",1,"yes","no"
"molva molva","ling","GBR","yes",1,"yes","no"
"moringua macrocephalus","bigheaded eel","CHN","yes",0,"no","yes"
"mulloidichthys martinicus","yellow goatfish","IND","yes",0,"no","yes"
"mullus surmuletus","surmullet","FRA","yes",1,"yes","no"
"muraenesox cinereus","daggertooth pike conger","CHN","yes",0,"no","yes"
"muraenesox cinereus","daggertooth pike conger","VNM","yes",0,"no","yes"
"myersina filifer","long-finned myersina","CHN","yes",0,"no","yes"
"nematalosa nasus","bloch's gizzard shad","CHN","yes",0,"no","yes"
"nemipterus hexodon","ornate threadfin bream","VNM","yes",0,"no","yes"
"nemipterus japonicus","japanese threadfin bream","IND","yes",1,"yes","no"
"nemipterus virgatus","golden threadfin bream","CHN","yes",0,"no","yes"
"nephrops norvegicus","norway lobster","GBR","yes",1,"yes","no"
"nephrops norvegicus","norway lobster","IRL","yes",1,"yes","no"
"octopus vulgare","common octopus","CHN","yes",0,"no","yes"
"odontamblyopus lacepedii","lacepede's wolf goby","CHN","yes",0,"no","yes"
"oedalechilus labeo","boxlip mullet","CHN","yes",0,"no","yes"
"okamejei boesemani","boeseman's skate","CHN","yes",0,"no","yes"
"okamejei kenojei","banded stingray (banded skate)","CHN","yes",0,"no","yes"
"oligoplites refulgens","shortjaw leatherjacket","MEX","yes",0,"no","yes"
"oligoplites saurus","leatherjacket","VNM","yes",0,"no","yes"
"oncorhynchus gorbuscha","pink(=humpback) salmon","CAN","yes",1,"yes","no"
"oncorhynchus gorbuscha","pink(=humpback) salmon","THA","yes",1,"yes","no"
"oncorhynchus gorbuscha","pink(=humpback) salmon","USA","yes",1,"yes","no"
"oncorhynchus keta","chum(=keta=dog) salmon","CAN","yes",1,"yes","no"
"oncorhynchus keta","chum(=keta=dog) salmon","THA","no",1,"yes","no"
"oncorhynchus keta","chum(=keta=dog) salmon","THA","yes",1,"yes","no"
"oncorhynchus keta","chum(=keta=dog) salmon","USA","yes",1,"yes","no"
"oncorhynchus kisutch","coho(=silver) salmon","CAN","yes",1,"yes","no"
"oncorhynchus kisutch","coho(=silver) salmon","CHL","no",1,"yes","no"
"oncorhynchus kisutch","coho(=silver) salmon","CHL","yes",1,"yes","no"
"oncorhynchus kisutch","coho(=silver) salmon","THA","no",1,"yes","no"
"oncorhynchus kisutch","coho(=silver) salmon","USA","yes",1,"yes","no"
"oncorhynchus mykiss","rainbow trout","CAN","yes",1,"yes","no"
"oncorhynchus mykiss","rainbow trout","CHL","no",1,"yes","no"
"oncorhynchus mykiss","rainbow trout","DNK","no",1,"yes","no"
"oncorhynchus mykiss","rainbow trout","ESP","no",1,"yes","no"
"oncorhynchus mykiss","rainbow trout","FRA","no",1,"yes","no"
"oncorhynchus mykiss","rainbow trout","GBR","no",1,"yes","no"
"oncorhynchus mykiss","rainbow trout","NOR","no",1,"yes","no"
"oncorhynchus mykiss","rainbow trout","PRT","no",1,"yes","no"
"oncorhynchus mykiss","rainbow trout","THA","no",1,"yes","no"
"oncorhynchus nerka","sockeye(=red) salmon","CAN","yes",1,"yes","no"
"oncorhynchus nerka","sockeye(=red) salmon","CHL","yes",1,"yes","no"
"oncorhynchus nerka","sockeye(=red) salmon","THA","yes",1,"yes","no"
"oncorhynchus nerka","sockeye(=red) salmon","USA","yes",1,"yes","no"
"oncorhynchus tshawytscha","chinook(=spring=king) salmon","CAN","yes",1,"yes","no"
"oncorhynchus tshawytscha","chinook(=spring=king) salmon","CHL","no",1,"yes","no"
"oncorhynchus tshawytscha","chinook(=spring=king) salmon","NZL","no",1,"yes","no"
"oncorhynchus tshawytscha","chinook(=spring=king) salmon","USA","yes",1,"yes","no"
"ophichthus apicalis","sharp-nosed eel","CHN","yes",0,"no","yes"
"opisthonema libertate","pacific thread herring","ECU","yes",1,"yes","no"
"opisthonema libertate","pacific thread herring","MEX","yes",0,"no","yes"
"opisthonema libertate","pacific thread herring","PAN","yes",0,"no","yes"
"oplegnathus fascistus","striped beakperch","CHN","yes",0,"no","yes"
"oratosquilla oratoria","japanese squillid mantis shrimp","CHN","yes",0,"no","yes"
"oratosquillina asiatica","asian shrimp","CHN","yes",0,"no","yes"
"oratosquillina interrupta","broken-back shrimp","CHN","yes",0,"no","yes"
"oreochromis","tilapias nei","CHN","no",1,"yes","no"
"oreochromis","tilapias nei","VNM","yes",0,"no","yes"
"oreochromis andersonii","three spotted tilapia","CHN","no",1,"yes","no"
"oreochromis aureus","blue tilapia","CHN","no",1,"yes","no"
"oreochromis macrochir","longfin tilapia","CHN","no",1,"yes","no"
"oreochromis mossambicus","mozambique tilapia","CHN","no",1,"yes","no"
"oreochromis niloticus","nile tilapia","CHN","no",1,"yes","no"
"oreochromis niloticus","nile tilapia","THA","no",1,"yes","no"
"oreochromis shiranus","tilapia shiranus","CHN","no",1,"yes","no"
"oreochromis spilurus","sabaki tilapia","CHN","no",1,"yes","no"
"ostorhinchus fasciatus","broad-barred cardinalfish","CHN","yes",0,"no","yes"
"ostorhinchus kiensis","midline cardinalfish","CHN","yes",0,"no","yes"
"ostorhinchus pleuron","lateral-banded cardinalfish","CHN","yes",0,"no","yes"
"ostorhinchus semilineatus","semi-lined cardinalfish","CHN","yes",0,"no","yes"
"ostrea","flat oysters nei","VNM","yes",0,"no","yes"
"otolithes ruber","tigertooth croaker","CHN","yes",0,"no","yes"
"otolithes ruber","tigertooth croaker","VNM","yes",0,"no","yes"
"ovalipes punctatus","sand crab","CHN","yes",0,"no","yes"
"oxyurichthys papuensis","papua goby","CHN","yes",0,"no","yes"
"palaemon","palaemon shrimps nei","ESP","yes",1,"yes","no"
"palaemon gravieri","chinese ditch prawn","CHN","yes",0,"no","yes"
"palaemon gravieri","ge's long-arm shrimp","CHN","yes",0,"no","yes"
"palaemon pacificus","pacific long-arm shrimp","CHN","yes",0,"no","yes"
"palaemon tenuidactylus","slender long-arm shrimp","CHN","yes",0,"no","yes"
"palaemonidae","palaemonid shrimps nei","ESP","yes",1,"yes","no"
"pampus argenteus","silver pomfret","CHN","yes",0,"no","yes"
"pampus chinensis","chinese silver pomfret","CHN","yes",0,"no","yes"
"pampus punctatissimus","northern silver pomfret","CHN","yes",0,"no","yes"
"pandalidae","pandalid shrimps nei","ESP","yes",1,"yes","no"
"pandalus montagui","aesop shrimp","ESP","yes",1,"yes","no"
"pangasianodon hypophthalmus","striped catfish","IND","yes",0,"no","yes"
"pangasius","pangas catfishes nei","THA","no",1,"yes","no"
"pangasius","pangas catfishes nei","VNM","no",1,"yes","no"
"paracentropogon rubripinnis","red-finned scorpaenopsis","CHN","yes",0,"no","yes"
"parachaeturichthys polynema","many-bearded parachthys","CHN","yes",0,"no","yes"
"paralichthys","bastard halibuts nei","USA","yes",1,"yes","no"
"paralichthys olivaceus","bastard halibut","CHN","yes",0,"no","yes"
"paralichthys olivaceus","bastard halibut","VNM","yes",0,"no","yes"
"paramonacanthus sulcatus","velvet-lined pufferfish","CHN","yes",0,"no","yes"
"parapenaeopsis atlantica","guinea shrimp","ESP","yes",1,"yes","no"
"parapenaeopsis cornuta","horned pseudocycus shrimp","CHN","yes",0,"no","yes"
"parapenaeopsis hardwickii","hales' pseudocycus shrimp","CHN","yes",0,"no","yes"
"parapenaeopsis tenella","elegant pseudocycus shrimp","CHN","yes",0,"no","yes"
"parapenaeus longirostris","deep-water rose shrimp","ESP","yes",1,"yes","no"
"parapercis ommatura","eye-spotted parapercis","CHN","yes",0,"no","yes"
"parapercis sexfasciata","six-banded parapercis","CHN","yes",0,"no","yes"
"paraplagusia japonica","japanese whiskered sole","CHN","yes",0,"no","yes"
"parastromateus niger","black pomfret","VNM","yes",0,"no","yes"
"pasiphaea multidentata","pink glass shrimp","ESP","yes",1,"yes","no"
"pasiphaea sivado","white glass shrimp","ESP","yes",1,"yes","no"
"pecten maximus","great atlantic scallop","FRA","yes",1,"yes","no"
"pecten maximus","great atlantic scallop","GBR","yes",1,"yes","no"
"penaeidae","penaeid shrimps nei","CRI","yes",1,"yes","no"
"penaeidae","penaeid shrimps nei","ESP","yes",1,"yes","no"
"penaeidae","penaeid shrimps nei","VNM","yes",0,"no","yes"
"penaeus","penaeus shrimps nei","CRI","yes",1,"yes","no"
"penaeus","penaeus shrimps nei","ESP","yes",1,"yes","no"
"penaeus","penaeus shrimps nei","VNM","yes",0,"no","yes"
"penaeus monodon","giant tiger prawn","YEM","no",1,"yes","no"
"penaeus vannamei","whiteleg shrimp","MEX","no",1,"yes","no"
"pennahia anea","donkey croaker","CHN","yes",0,"no","yes"
"pennahia argentata","silver croaker","CHN","yes",0,"no","yes"
"pennahia macrocephalus","bighead pennahia","CHN","yes",0,"no","yes"
"pentaprion longimanus",NA,"IND","yes",0,"no","yes"
"peprilus medius","pacific harvestfish","ECU","yes",0.5,"yes","yes"
"perciformes","tuna-like fishes nei","CRI","yes",1,"yes","no"
"perciformes","tuna-like fishes nei","ECU","yes",1,"yes","no"
"perciformes","tuna-like fishes nei","ESP","yes",1,"yes","no"
"perciformes","tuna-like fishes nei","GBR","yes",1,"yes","no"
"perciformes","tuna-like fishes nei","IDN","yes",1,"yes","no"
"perciformes","tuna-like fishes nei","IND","yes",1,"yes","no"
"perciformes","tuna-like fishes nei","MYS","yes",1,"yes","no"
"perciformes","tuna-like fishes nei","NZL","yes",1,"yes","no"
"perciformes","tuna-like fishes nei","OMN","yes",1,"yes","no"
"perciformes","tuna-like fishes nei","POL","yes",1,"yes","no"
"perciformes","tuna-like fishes nei","SYC","yes",1,"yes","no"
"perciformes","tuna-like fishes nei","THA","yes",1,"yes","no"
"perciformes","tuna-like fishes nei","TWN","yes",1,"yes","no"
"petroscirtes mitratus","jumping rockblenny","CHN","yes",0,"no","yes"
"phalium bisulcatum","japanese bonnet","CHN","yes",0,"no","yes"
"pholis fangi","fang's pholis","CHN","yes",0,"no","yes"
"pholis nebulosa","cloudy pholis","CHN","yes",0,"no","yes"
"photopectoralis bindus","orangefin ponyfish","CHN","yes",0,"no","yes"
"pila polita","apple snail","VNM","yes",0,"no","yes"
"pisodonophis boro","omnivorous eel","CHN","yes",0,"no","yes"
"pisodonophis cancrivorus","crab-eating eel","CHN","yes",0,"no","yes"
"platichthys flesus","european flounder","DNK","yes",1,"yes","no"
"platycephalus indicus","bartail flathead","CHN","yes",0,"no","yes"
"platycephalus indicus","bartail flathead","VNM","yes",0,"no","yes"
"pleoticus muelleri","argentine red shrimp","ARG","yes",1,"yes","no"
"plesionika edwardsii","striped soldier shrimp","ESP","yes",1,"yes","no"
"plesionika martia","golden shrimp","ESP","yes",1,"yes","no"
"pleuronectes platessa","european plaice","DNK","yes",1,"yes","no"
"pleuronectes platessa","european plaice","FRA","yes",1,"yes","no"
"pleuronectes platessa","european plaice","GBR","yes",1,"yes","no"
"pleuronichthys cornutus","horned flounder","CHN","yes",0,"no","yes"
"plotosus lineatus","striped eel catfish","CHN","yes",0,"no","yes"
"polinices didyma","bladder moon snail","CHN","yes",0,"no","yes"
"pollachius pollachius","pollack","FRA","yes",1,"yes","no"
"pollachius pollachius","pollack","GBR","yes",1,"yes","no"
"pollachius virens","saithe(=pollock)","DNK","yes",1,"yes","no"
"pollachius virens","saithe(=pollock)","FRA","yes",0.666666666666667,"yes","yes"
"pollachius virens","saithe(=pollock)","GBR","yes",1,"yes","no"
"pollachius virens","saithe(=pollock)","NOR","yes",1,"yes","no"
"pollachius virens","saithe(=pollock)","USA","yes",1,"yes","no"
"polydactylus sexfilis","sixfinger threadfin","CHN","yes",0,"no","yes"
"pomadasys","","VNM","yes",0,"no","yes"
"portunus","portunus swimcrabs nei","VNM","yes",0,"no","yes"
"priacanthus macracanthus","red bigeye","VNM","yes",0,"no","yes"
"priacanthus tayenus","purple-spotted bigeye","IND","yes",0,"no","yes"
"prionace glauca","blue shark","TWN","yes",1,"yes","no"
"pristigenys niphonia","japanese sawcheek","CHN","yes",0,"no","yes"
"probarbus jullieni","isok barb","THA","no",1,"yes","no"
"protonibea diacanthus","blackspotted croaker","VNM","yes",0,"no","yes"
"psenopsis anomala","pacific rudderfish","CHN","yes",0,"no","yes"
"psettina filimanus","silk-fingered psettina","CHN","yes",0,"no","yes"
"pseudanthias rubrizonatus","rubrizonatus anthias","CHN","yes",0,"no","yes"
"pseudorhombus cinnamoneus","cinnamon flounder","CHN","yes",0,"no","yes"
"pteria martensii","penguin wing oyster","VNM","yes",0,"no","yes"
"pterocaesio chrysozona",NA,"IND","yes",0,"no","yes"
"pterois volitans","red lionfish","CHN","yes",0,"no","yes"
"raja clavata","thornback ray","GBR","yes",1,"yes","no"
"rapana venosa","veined rapa whelk","CHN","yes",0,"no","yes"
"rastrelliger","indian mackerels nei","MYS","yes",1,"yes","no"
"rastrelliger","indian mackerels nei","THA","yes",0,"no","yes"
"rastrelliger brachysoma","short mackerel","VNM","yes",0,"no","yes"
"rastrelliger kanagurta","indian mackerel","CHN","yes",0,"no","yes"
"rastrelliger kanagurta","indian mackerel","IND","yes",0,"no","yes"
"rastrelliger kanagurta","indian mackerel","THA","yes",0.5,"yes","yes"
"reinhardtius hippoglossoides","greenland halibut","FRA","yes",1,"yes","no"
"reinhardtius hippoglossoides","greenland halibut","GBR","yes",1,"yes","no"
"reinhardtius hippoglossoides","greenland halibut","USA","yes",1,"yes","no"
"rhynchoconger ectenurus","black-tailed conger","CHN","yes",0,"no","yes"
"rogadius asper","spiny pufferfish","CHN","yes",0,"no","yes"
"salmo salar","atlantic salmon","CHL","no",1,"yes","no"
"salmo salar","atlantic salmon","DNK","no",1,"yes","no"
"salmo salar","atlantic salmon","ESP","no",1,"yes","no"
"salmo salar","atlantic salmon","ESP","yes",1,"yes","no"
"salmo salar","atlantic salmon","FRA","no",1,"yes","no"
"salmo salar","atlantic salmon","FRO","no",1,"yes","no"
"salmo salar","atlantic salmon","GBR","no",1,"yes","no"
"salmo salar","atlantic salmon","IRL","no",1,"yes","no"
"salmo salar","atlantic salmon","LTU","no",1,"yes","no"
"salmo salar","atlantic salmon","LVA","no",1,"yes","no"
"salmo salar","atlantic salmon","NOR","no",1,"yes","no"
"salmo salar","atlantic salmon","PRT","no",1,"yes","no"
"salmo salar","atlantic salmon","THA","no",1,"yes","no"
"salmo salar","atlantic salmon","USA","yes",1,"yes","no"
"salmo trutta","sea trout","ESP","no",1,"yes","no"
"samaris cristatus","crest flounder","CHN","yes",0,"no","yes"
"sardina pilchardus","european pilchard(=sardine)","DNK","yes",1,"yes","no"
"sardina pilchardus","european pilchard(=sardine)","ESP","yes",1,"yes","no"
"sardina pilchardus","european pilchard(=sardine)","FRA","yes",0.333333333333333,"yes","yes"
"sardina pilchardus","european pilchard(=sardine)","GBR","yes",0.5,"yes","yes"
"sardina pilchardus","european pilchard(=sardine)","IRL","yes",0.666666666666667,"yes","yes"
"sardina pilchardus","european pilchard(=sardine)","MAR","yes",0.403846153846154,"yes","yes"
"sardina pilchardus","european pilchard(=sardine)","MRT","yes",0,"no","yes"
"sardina pilchardus","european pilchard(=sardine)","OMN","yes",0,"no","yes"
"sardina pilchardus","european pilchard(=sardine)","TUR","yes",1,"yes","no"
"sardina pilchardus","european pilchard(=sardine)","WSM","yes",1,"yes","no"
"sardina pilchardus","european pilchard(=sardine)","ZAF","yes",1,"yes","no"
"sardinella","sardinellas nei","ESP","yes",1,"yes","no"
"sardinella","sardinellas nei","GMB","yes",0,"no","yes"
"sardinella","sardinellas nei","MRT","yes",1,"yes","no"
"sardinella","sardinellas nei","THA","yes",0,"no","yes"
"sardinella aurita","round sardinella","CHN","yes",0,"no","yes"
"sardinella aurita","round sardinella","ESP","yes",1,"yes","no"
"sardinella aurita","round sardinella","GMB","yes",0,"no","yes"
"sardinella aurita","round sardinella","MAR","yes",0.75,"yes","yes"
"sardinella fimbriata","fringescale sardinella","CHN","yes",0,"no","yes"
"sardinella fimbriata","fringescale sardinella","IDN","yes",0.5,"yes","yes"
"sardinella fimbriata","fringescale sardinella","IND","yes",0,"no","yes"
"sardinella gibbosa","goldstripe sardinella","IDN","yes",0.5,"yes","yes"
"sardinella hualiensis","hualien sardine","CHN","yes",0,"no","yes"
"sardinella jussieu","jussieu's sardine","CHN","yes",0,"no","yes"
"sardinella lemuru","bali sardinella","IDN","yes",0.5,"yes","yes"
"sardinella longiceps","indian oil sardine","IND","yes",0.1,"yes","yes"
"sardinella longiceps","indian oil sardine","IRN","yes",0.5,"yes","yes"
"sardinella longiceps","indian oil sardine","THA","yes",1,"yes","no"
"sardinella maderensis","madeiran sardinella","ESP","yes",1,"yes","no"
"sardinella maderensis","madeiran sardinella","GMB","yes",0,"no","yes"
"sardinella maderensis","madeiran sardinella","MRT","yes",0,"no","yes"
"sardinella nymphaea","chinese sardine","CHN","yes",0,"no","yes"
"sardinella zunasi","japanese sardinella","CHN","yes",0,"no","yes"
"sardinella zunasi","japanese sardinella","JPN","yes",0,"no","yes"
"sardinops sagax","south american pilchard","IDN","yes",0.5,"yes","yes"
"sardinops sagax","south american pilchard","MEX","yes",0,"no","yes"
"sardinops sagax","south american pilchard","THA","yes",1,"yes","no"
"sardinops sagax","south american pilchard","USA","yes",0,"no","yes"
"sardinops sagax","south american pilchard","WSM","yes",1,"yes","no"
"sardinops sagax","south american pilchard","ZAF","yes",0.75,"yes","yes"
"sarotherodon galilaeus","mango tilapia","CHN","no",1,"yes","no"
"sarotherodon melanotheron","blackchin tilapia","CHN","no",1,"yes","no"
"saurenchelys fierasfer","line-tailed eel","CHN","yes",0,"no","yes"
"saurida","lizardfishes","VNM","yes",0,"no","yes"
"saurida brasiliensis","largescale lizardfish","CHN","yes",0,"no","yes"
"saurida elongata","long-bodied barracuda","CHN","yes",0,"no","yes"
"saurida elongata","slender lizardfish","CHN","yes",0,"no","yes"
"saurida elongate","slender lizardfish","CHN","yes",0,"no","yes"
"saurida tumbil","greater lizardfish","CHN","yes",0,"no","yes"
"saurida tumbil","greater lizardfish","VNM","yes",0,"no","yes"
"saurida undosquamis","brushtooth lizardfish","IND","yes",0,"no","yes"
"scoliodon macrorhynchos","bigmouth spadenose shark","CHN","yes",0,"no","yes"
"scolopsis vosmeri","vosmer’s spinecheek","CHN","yes",0,"no","yes"
"scomber","scomber mackerels nei","VNM","yes",0,"no","yes"
"scomber colias","atlantic chub mackerel","MAR","yes",1,"yes","no"
"scomber japonicus","pacific chub mackerel","CAN","yes",1,"yes","no"
"scomber japonicus","pacific chub mackerel","CHL","yes",0,"no","yes"
"scomber japonicus","pacific chub mackerel","CHN","yes",0,"no","yes"
"scomber japonicus","pacific chub mackerel","ECU","yes",0.615384615384615,"yes","yes"
"scomber japonicus","pacific chub mackerel","IRL","yes",1,"yes","no"
"scomber japonicus","pacific chub mackerel","JPN","yes",0,"no","yes"
"scomber japonicus","pacific chub mackerel","MAR","yes",0,"no","yes"
"scomber japonicus","pacific chub mackerel","MEX","yes",0.15,"yes","yes"
"scomber japonicus","pacific chub mackerel","PER","yes",0,"no","yes"
"scomber japonicus","pacific chub mackerel","THA","yes",1,"yes","no"
"scomber scombrus","atlantic mackerel","AUS","yes",0,"no","yes"
"scomber scombrus","atlantic mackerel","CAN","yes",1,"yes","no"
"scomber scombrus","atlantic mackerel","DNK","yes",1,"yes","no"
"scomber scombrus","atlantic mackerel","ESP","yes",1,"yes","no"
"scomber scombrus","atlantic mackerel","FRA","yes",1,"yes","no"
"scomber scombrus","atlantic mackerel","FRO","yes",1,"yes","no"
"scomber scombrus","atlantic mackerel","GBR","yes",0.75,"yes","yes"
"scomber scombrus","atlantic mackerel","IND","yes",0,"no","yes"
"scomber scombrus","atlantic mackerel","ISL","yes",1,"yes","no"
"scomber scombrus","atlantic mackerel","NOR","yes",1,"yes","no"
"scomber scombrus","atlantic mackerel","THA","yes",1,"yes","no"
"scomberomorus commerson","narrow-barred spanish mackerel","MYS","yes",1,"yes","no"
"scomberomorus guttatus","indo-pacific king mackerel","MYS","yes",1,"yes","no"
"scomberomorus niphonius","japanese spanish mackerel","CHN","yes",0,"no","yes"
"scombridae","mackerels nei","MYS","yes",1,"yes","no"
"scomer japonicus","chub mackerel","CHN","yes",0,"no","yes"
"scophthalmus maximus","turbot","FRA","yes",1,"yes","no"
"scorpaenopsis cirrosa","scorpaenopsis cirrosa","CHN","yes",0,"no","yes"
"scyliorhinus canicula","small-spotted catshark","GBR","yes",1,"yes","no"
"sebastes mentella","beaked redfish","FRA","yes",1,"yes","no"
"sebastes mentella","beaked redfish","NOR","yes",1,"yes","no"
"sebastes schlegeli","schlegel’s rockfish","CHN","yes",0,"no","yes"
"sebastes viviparus","norway redfish","DNK","yes",1,"yes","no"
"sebastiscus marmoratus","marbled rockfish","CHN","yes",0,"no","yes"
"secutor ruconius","deep pugnose ponyfish","CHN","yes",0,"no","yes"
"secutor ruconius","ruconius scad","CHN","yes",0,"no","yes"
"selar crumenophthalmus","bigeye scad","VNM","yes",0,"no","yes"
"selaroides leptolepis","yellowstripe scad","VNM","yes",0,"no","yes"
"selene peruviana","peruvian moonfish","CAN","yes",1,"yes","no"
"sepia kobiensis hoyle","kobi cuttlefish","CHN","yes",0,"no","yes"
"sepiidae","cuttlefish, bobtail squids nei","KOR","yes",1,"yes","no"
"sepiola birostrata","butterfly bobtail squid","CHN","yes",0,"no","yes"
"seriola quinqueradiata","japanese amberjack","THA","yes",1,"yes","no"
"serranidae","groupers, seabasses nei","CRI","yes",1,"yes","no"
"setipinna taty","scaly hairfin anchovy","CHN","yes",0,"no","yes"
"setipinna tenuifilis","common hairfin anchovy","CHN","yes",0,"no","yes"
"setipinna tenuifilis","yellowfin scad","CHN","yes",0,"no","yes"
"siganus","spinefeet(=rabbitfishes) nei","VNM","yes",0,"no","yes"
"siganus fuscescens","mottled spinefoot","CHN","yes",0,"no","yes"
"sillago japonica","japanese sillago","CHN","yes",0,"no","yes"
"sillago sihama","silver sillago","CHN","yes",0,"no","yes"
"solea ovata","oval sole","CHN","yes",0,"no","yes"
"solea solea","common sole","FRA","yes",1,"yes","no"
"solenocera crassicornis","coastal mud shrimp","CHN","yes",0,"no","yes"
"solenocera membranacea","atlantic mud shrimp","ESP","yes",1,"yes","no"
"soletellina diphos","diphos sanguin","VNM","yes",0,"no","yes"
"sparus aurata","gilthead seabream","ESP","no",1,"yes","no"
"sphyraena flavicauda","yellowtail barracuda","CHN","yes",0,"no","yes"
"sphyraena jello","pickhandle barracuda","VNM","yes",0,"no","yes"
"sphyrnidae","hammerhead sharks, etc. nei","TWN","yes",1,"yes","no"
"spondyliosoma cantharus","black seabream","FRA","yes",1,"yes","no"
"sprattus sprattus","european sprat","DNK","yes",0,"no","yes"
"sprattus sprattus","european sprat","EST","yes",0.5,"yes","yes"
"sprattus sprattus","european sprat","FIN","yes",0,"no","yes"
"sprattus sprattus","european sprat","FRA","yes",0,"no","yes"
"sprattus sprattus","european sprat","GBR","yes",1,"yes","no"
"sprattus sprattus","european sprat","IRL","yes",1,"yes","no"
"sprattus sprattus","european sprat","LVA","yes",1,"yes","no"
"sprattus sprattus","european sprat","NOR","yes",0.5,"yes","yes"
"stephanolepis cirrhifer","threadsail filefish","CHN","yes",0,"no","yes"
"stolephorus","stolephorus anchovies nei","IND","yes",0,"no","yes"
"stolephorus","stolephorus anchovies nei","VNM","yes",0,"no","yes"
"stolephorus commersoni","commerson's anchovy","CHN","yes",0,"no","yes"
"stolephorus commersonnii","commerson's anchovy","CHN","yes",0,"no","yes"
"stolephorus indicus","indian anchovy","CHN","yes",0,"no","yes"
"strangomera bentincki","araucanian herring","CHL","yes",0.0434782608695652,"yes","yes"
"suezichthys gracilis","elongated suezichthys","CHN","yes",0,"no","yes"
"synechogobius hasta","javelin goby","CHN","yes",0,"no","yes"
"synechogobius ommaturus","spotted spiny goby","CHN","yes",0,"no","yes"
"synodus hoshinonis","shoulder spot lizardfish","CHN","yes",0,"no","yes"
"synodus kaianus","gunther's lizard fish","CHN","yes",0,"no","yes"
"taenioides cirratus","whiskered eel goby","CHN","yes",0,"no","yes"
"takifugu alboplumbeus","lead-spotted pufferfish","CHN","yes",0,"no","yes"
"takifugu niphobles","starry pufferfish","CHN","yes",0,"no","yes"
"takifugu oblongus","striped pufferfish","CHN","yes",0,"no","yes"
"takifugu xanthopterus","yellowfin pufferfish","CHN","yes",0,"no","yes"
"tanakius kitaharae","kitahara flounder","CHN","yes",0,"no","yes"
"teixeirichthys jordani","jordan's teixeirichthys","CHN","yes",0,"no","yes"
"terapon jarbua","jarbua terapon","CHN","yes",0,"no","yes"
"teuthida","various squids nei","KOR","yes",1,"yes","no"
"thamnaconus hypargyreus","yellowfin filefish","CHN","yes",0,"no","yes"
"thrissa kammalensis","kammal thryssa","CHN","yes",0,"no","yes"
"thrissa mystax","moustached thryssa","VNM","yes",0,"no","yes"
"thryssa dussumieri","dussumier's thryssa","CHN","yes",0,"no","yes"
"thryssa kammalensis","red-nosed anchovy","CHN","yes",0,"no","yes"
"thryssa mystax","mystic anchovy","CHN","yes",0,"no","yes"
"thryssa vitrirostris","yellow-lipped anchovy","CHN","yes",0,"no","yes"
"thunnus","tunas nei","ESP","yes",1,"yes","no"
"thunnus alalunga","albacore","CAN","yes",1,"yes","no"
"thunnus alalunga","albacore","ESP","yes",1,"yes","no"
"thunnus alalunga","albacore","MUS","yes",1,"yes","no"
"thunnus alalunga","albacore","SLV","yes",1,"yes","no"
"thunnus alalunga","albacore","THA","yes",1,"yes","no"
"thunnus alalunga","albacore","TUN","yes",1,"yes","no"
"thunnus alalunga","albacore","VNM","yes",1,"yes","no"
"thunnus albacares","yellowfin tuna","CAN","yes",1,"yes","no"
"thunnus albacares","yellowfin tuna","CRI","yes",1,"yes","no"
"thunnus albacares","yellowfin tuna","ECU","yes",1,"yes","no"
"thunnus albacares","yellowfin tuna","ESP","yes",1,"yes","no"
"thunnus albacares","yellowfin tuna","GBR","yes",1,"yes","no"
"thunnus albacares","yellowfin tuna","IDN","yes",1,"yes","no"
"thunnus albacares","yellowfin tuna","IND","yes",1,"yes","no"
"thunnus albacares","yellowfin tuna","MEX","no",1,"yes","no"
"thunnus albacares","yellowfin tuna","MUS","yes",1,"yes","no"
"thunnus albacares","yellowfin tuna","MYS","yes",1,"yes","no"
"thunnus albacares","yellowfin tuna","NZL","yes",1,"yes","no"
"thunnus albacares","yellowfin tuna","OMN","yes",1,"yes","no"
"thunnus albacares","yellowfin tuna","PHL","yes",1,"yes","no"
"thunnus albacares","yellowfin tuna","PNG","yes",1,"yes","no"
"thunnus albacares","yellowfin tuna","SLV","yes",1,"yes","no"
"thunnus albacares","yellowfin tuna","SYC","yes",1,"yes","no"
"thunnus albacares","yellowfin tuna","THA","yes",1,"yes","no"
"thunnus albacares","yellowfin tuna","TUN","yes",1,"yes","no"
"thunnus albacares","yellowfin tuna","TWN","yes",1,"yes","no"
"thunnus albacares","yellowfin tuna","VNM","yes",1,"yes","no"
"thunnus atlanticus","blackfin tuna","ESP","yes",1,"yes","no"
"thunnus atlanticus","blackfin tuna","GBR","yes",1,"yes","no"
"thunnus maccoyii","southern bluefin tuna","ESP","yes",1,"yes","no"
"thunnus maccoyii","southern bluefin tuna","GBR","yes",1,"yes","no"
"thunnus maccoyii","southern bluefin tuna","IDN","yes",1,"yes","no"
"thunnus maccoyii","southern bluefin tuna","NZL","yes",1,"yes","no"
"thunnus maccoyii","southern bluefin tuna","SYC","yes",1,"yes","no"
"thunnus maccoyii","southern bluefin tuna","THA","yes",1,"yes","no"
"thunnus maccoyii","southern bluefin tuna","TWN","yes",1,"yes","no"
"thunnus obesus","bigeye tuna","CAN","yes",1,"yes","no"
"thunnus obesus","bigeye tuna","CRI","yes",1,"yes","no"
"thunnus obesus","bigeye tuna","ECU","yes",1,"yes","no"
"thunnus obesus","bigeye tuna","ESP","yes",1,"yes","no"
"thunnus obesus","bigeye tuna","GBR","yes",1,"yes","no"
"thunnus obesus","bigeye tuna","IDN","yes",1,"yes","no"
"thunnus obesus","bigeye tuna","IND","yes",1,"yes","no"
"thunnus obesus","bigeye tuna","MUS","yes",1,"yes","no"
"thunnus obesus","bigeye tuna","MYS","yes",1,"yes","no"
"thunnus obesus","bigeye tuna","NZL","yes",1,"yes","no"
"thunnus obesus","bigeye tuna","PNG","yes",1,"yes","no"
"thunnus obesus","bigeye tuna","SLV","yes",1,"yes","no"
"thunnus obesus","bigeye tuna","SYC","yes",1,"yes","no"
"thunnus obesus","bigeye tuna","THA","yes",1,"yes","no"
"thunnus obesus","bigeye tuna","TUN","yes",1,"yes","no"
"thunnus obesus","bigeye tuna","TWN","yes",1,"yes","no"
"thunnus orientalis","pacific bluefin tuna","ECU","yes",1,"yes","no"
"thunnus orientalis","pacific bluefin tuna","NZL","yes",1,"yes","no"
"thunnus orientalis","pacific bluefin tuna","TWN","yes",1,"yes","no"
"thunnus thynnus","atlantic bluefin tuna","CAN","yes",1,"yes","no"
"thunnus thynnus","atlantic bluefin tuna","ESP","yes",1,"yes","no"
"thunnus thynnus","atlantic bluefin tuna","GBR","yes",1,"yes","no"
"thunnus thynnus","atlantic bluefin tuna","SYC","yes",1,"yes","no"
"thunnus thynnus","atlantic bluefin tuna","TUR","yes",1,"yes","no"
"thunnus thynnus","atlantic bluefin tuna","TWN","yes",1,"yes","no"
"thunnus tonggol","longtail tuna","ESP","yes",1,"yes","no"
"thunnus tonggol","longtail tuna","IDN","yes",1,"yes","no"
"thunnus tonggol","longtail tuna","IND","yes",1,"yes","no"
"thunnus tonggol","longtail tuna","MYS","yes",1,"yes","no"
"thunnus tonggol","longtail tuna","OMN","yes",1,"yes","no"
"thunnus tonggol","longtail tuna","SYC","yes",1,"yes","no"
"thunnus tonggol","longtail tuna","THA","yes",1,"yes","no"
"thunnus tonggol","longtail tuna","TWN","yes",1,"yes","no"
"todarodes pacificus","japanese flying squid","KOR","yes",1,"yes","no"
"trachinocephalus myops","bighead lizardfish","CHN","yes",0,"no","yes"
"trachinocephalus myops",NA,"VNM","yes",0,"no","yes"
"trachinus draco","greater weever","DNK","yes",1,"yes","no"
"trachurus capensis","cape horse mackerel","ZAF","yes",0,"no","yes"
"trachurus japonicus","japanese jack mackerel","CHN","yes",0,"no","yes"
"trachurus japonicus","japanese jack mackerel","IRL","yes",1,"yes","no"
"trachurus japonicus","japanese jack mackerel","JPN","yes",0,"no","yes"
"trachurus murphyi","chilean jack mackerel","CHL","yes",0.229885057471264,"yes","yes"
"trachurus murphyi","chilean jack mackerel","CHN","yes",0,"no","yes"
"trachurus murphyi","chilean jack mackerel","ECU","yes",0,"no","yes"
"trachurus murphyi","chilean jack mackerel","PER","yes",0,"no","yes"
"trachurus symmetricus","pacific jack mackerel","MEX","yes",0.25,"yes","yes"
"trachurus trachurus","atlantic horse mackerel","GBR","yes",1,"yes","no"
"trachurus trachurus","atlantic horse mackerel","MAR","yes",1,"yes","no"
"trachurus trachurus","atlantic horse mackerel","NAM","yes",0,"no","yes"
"trachurus trachurus","atlantic horse mackerel","NOR","yes",1,"yes","no"
"trachypenaeus curvirostris","eagle-clawed shrimp","CHN","yes",0,"no","yes"
"trachyrhamphus serratus","rough-snouted seahorse","CHN","yes",0,"no","yes"
"tresus keenae","gaper","CHN","yes",0,"no","yes"
"trichiurus japonicus","japanese hairtail","CHN","yes",0,"no","yes"
"trichiurus lepturus","largehead hairtail","CHN","yes",0,"no","yes"
"trichiurus lepturus","largehead hairtail","ECU","yes",0,"no","yes"
"tridentiger barbatus","whiskered tridentiger","CHN","yes",0,"no","yes"
"tridentiger trigonocephalus","patterned tridentiger","CHN","yes",0,"no","yes"
"trisopterus esmarkii","norway pout","DNK","yes",0,"no","yes"
"trisopterus esmarkii","norway pout","FRO","yes",0,"no","yes"
"trisopterus esmarkii","norway pout","NOR","yes",0,"no","yes"
"trisopterus luscus","pouting(=bib)","FRA","yes",1,"yes","no"
"trypauchen vagina","vagina goby","CHN","yes",0,"no","yes"
"upeneus","goatfishes","VNM","yes",0,"no","yes"
"upeneus japonicus","japanese goatfish","CHN","yes",0,"no","yes"
"upeneus subvittatus","band-striped goatfish","CHN","yes",0,"no","yes"
"upeneus sulphureus","sulphur goatfish","CHN","yes",0,"no","yes"
"upeneus sulphureus","sulphur goatfish","VNM","yes",0,"no","yes"
"uranoscopus chinensis","chinese stargazer","CHN","yes",0,"no","yes"
"uranoscopus japonicus","japanese stargazer","CHN","yes",0,"no","yes"
"uranoscopus oligolepis","few-scaled stargazer","CHN","yes",0,"no","yes"
"urophycis chuss","red hake","USA","yes",1,"yes","no"
"urophycis tenuis","white hake","USA","yes",1,"yes","no"
"xenocephalus elongatus","blue stargazer","CHN","yes",0,"no","yes"
"xenocephalus elongatus","bluespotted stargazer","CHN","yes",0,"no","yes"
"xiphias gladius","swordfish","CRI","yes",1,"yes","no"
"zebrias zebra","zebra sole","CHN","yes",0,"no","yes"
"zeus faber","john dory","CHN","yes",0,"no","yes"
"zeus faber","john dory","FRA","yes",1,"yes","no"
