"sciname","common_name","iso3c","capture","trash_fish","trim_prop","trimmings","wholefish"
"acanthogobius hasta","spear-tailed goby","CHN","yes","yes",0,"no","yes"
"acanthopagrus latus","yellowfin seabream","CHN","yes","yes",0,"no","yes"
"acanthopagrus schlegelii","blackhead seabream","CHN","yes","yes",0,"no","yes"
"acentrogobius caninus","canine-spined goby","CHN","yes","yes",0,"no","yes"
"acetes chinensis","chinese hairy shrimp","CHN","yes","yes",0,"no","yes"
"acropoma hanedai","haneda's lightfish","CHN","yes","yes",0,"no","yes"
"acropoma japonicum","japanese lightfish","CHN","yes","yes",0,"no","yes"
"aesopia cornuta","horned sole","CHN","yes","yes",0,"no","yes"
"alepes djedaba","shrimp scad","CHN","yes","yes",0,"no","yes"
"alepes kleinii","kleins ponyfish","CHN","yes","yes",0,"no","yes"
"alpheus brevicristatus","short-spined mantis shrimp","CHN","yes","yes",0,"no","yes"
"alpheus distinguendus","distinct mantis shrimp","CHN","yes","yes",0,"no","yes"
"alpheus japonicus","japanese mantis shrimp","CHN","yes","yes",0,"no","yes"
"ambassis gymnocephalus","bald glassy","CHN","yes","yes",0,"no","yes"
"amblychaeturichthys hexanema","pinkgray goby","CHN","yes","yes",0,"no","yes"
"amblychaeturichthys hexanema","six-threaded goby","CHN","yes","yes",0,"no","yes"
"ammodytes","sandeels(=sandlances) nei"," JEY","yes","no",0,"no","yes"
"ammodytes","sandeels(=sandlances) nei","DEU","yes","no",0,"no","yes"
"ammodytes","sandeels(=sandlances) nei","DNK","yes","no",0.25,"yes","yes"
"ammodytes","sandeels(=sandlances) nei","ESP","yes","no",0,"no","yes"
"ammodytes","sandeels(=sandlances) nei","FRA","yes","no",0,"no","yes"
"ammodytes","sandeels(=sandlances) nei","FRO","yes","no",0,"no","yes"
"ammodytes","sandeels(=sandlances) nei","GBR","yes","no",0,"no","yes"
"ammodytes","sandeels(=sandlances) nei","GGY","yes","no",0,"no","yes"
"ammodytes","sandeels(=sandlances) nei","NOR","yes","no",0.25,"yes","yes"
"ammodytes","sandeels(=sandlances) nei","POL","yes","no",0,"no","yes"
"ammodytes","sandeels(=sandlances) nei","PRT","yes","no",0,"no","yes"
"ammodytes","sandeels(=sandlances) nei","SWE","yes","no",0,"no","yes"
"ammodytes personatus","pacific sandlance","CHN","yes","no",0,"no","yes"
"ammodytes personatus","pacific sandlance","CHN","yes","yes",0,"no","yes"
"ammodytes tobianus","small sandeel","DNK","yes","no",0,"no","yes"
"ammodytes tobianus","small sandeel","ESP","yes","no",0,"no","yes"
"ammodytes tobianus","small sandeel","NOR","yes","no",0,"no","yes"
"ammodytes tobianus","small sandeel","POL","yes","no",0,"no","yes"
"anchisquilla fasciata","striped-tail shrimp","CHN","yes","yes",0,"no","yes"
"anchoa nasus","longnose anchovy","ECU","yes","no",0.11,"yes","yes"
"anchoa nasus","longnose anchovy","PER","yes","no",0.11,"yes","yes"
"antennarius striatus","striated frogfish","CHN","yes","yes",0,"no","yes"
"antennarius striatus","striped frogfish","CHN","yes","yes",0,"no","yes"
"apistus carinatus","carinated scorpaenopsis","CHN","yes","yes",0,"no","yes"
"aploactis aspera","rough scad","CHN","yes","yes",0,"no","yes"
"apogon quadrifasciatus","four-lined apogon","CHN","yes","yes",0,"no","yes"
"apogonichthys carinatus","spotfin cardinalfish","CHN","yes","yes",0,"no","yes"
"apogonichthys lineatus","indian perch","CHN","yes","yes",0,"no","yes"
"argyrosomus argentatus","silver jewfish","CHN","yes","yes",0,"no","yes"
"ariosoma anago","common eel","CHN","yes","yes",0,"no","yes"
"arius arius","sea catfish","CHN","yes","yes",0,"no","yes"
"arius thalassinus","sea catfish (marine catfish)","CHN","yes","yes",0,"no","yes"
"arnoglossus tenuis","sheep's tongue flatfish","CHN","yes","yes",0,"no","yes"
"aseraggodes kobensis","brown-spotted scaldfish","CHN","yes","yes",0,"no","yes"
"atherinomorus lacunosus","hardyhead silverside","CHN","yes","yes",0,"no","yes"
"atrobucca nibe","blackmouth croaker","CHN","yes","yes",0,"no","yes"
"atypopenaeus stenodactylus","flat-footed pseudocycus shrimp","CHN","yes","yes",0,"no","yes"
"auxis","frigate and bullet tunas","ECU","yes","no",1,"yes","no"
"auxis","frigate and bullet tunas","LKA","yes","no",1,"yes","no"
"auxis","frigate and bullet tunas","PER","yes","no",1,"yes","no"
"auxis rochei","bullet tuna","IDN","yes","no",1,"yes","no"
"auxis rochei","bullet tuna","IND","yes","no",1,"yes","no"
"auxis rochei","bullet tuna","LKA","yes","no",1,"yes","no"
"auxis rochei","bullet tuna","PER","yes","no",1,"yes","no"
"auxis thazard","frigate tuna","ECU","yes","no",0,"no","yes"
"auxis thazard","frigate tuna","IDN","yes","no",1,"yes","no"
"auxis thazard","frigate tuna","IND","yes","no",1,"yes","no"
"auxis thazard","frigate tuna","LKA","yes","no",1,"yes","no"
"auxis thazard","frigate tuna","MYS","yes","no",1,"yes","no"
"auxis thazard","frigate tuna","THA","yes","no",1,"yes","no"
"bembrops curvatura","curved bembrops","CHN","yes","yes",0,"no","yes"
"benthosema pterotum","skinnycheek lanternfish","CHN","yes","no",0,"no","yes"
"benthosema pterotum","skinnycheek lanternfish","CHN","yes","yes",0,"no","yes"
"bleekeria viridianguilla","green bleekeria","CHN","yes","yes",0,"no","yes"
"branchiostegus japonicus","horsehead tilefish","CHN","yes","yes",0,"no","yes"
"bregmaceros macclellandii","macclelland's cusk-eel","CHN","yes","yes",0,"no","yes"
"bregmaceros mcclellandi","unicorn cod","CHN","yes","yes",0,"no","yes"
"brevoortia patronus","gulf menhaden","MEX","yes","no",0,"no","yes"
"brevoortia patronus","gulf menhaden","USA","yes","no",0,"no","yes"
"brevoortia tyrannus","atlantic menhaden","USA","yes","no",0,"no","yes"
"bufonaria rana","common frog shell","CHN","yes","yes",0,"no","yes"
"butis koilomatodon","sawspine mudskipper","CHN","yes","yes",0,"no","yes"
"callionymus curvicornis","curved-spined goby","CHN","yes","yes",0,"no","yes"
"callionymus huguenini","spear dragonet","CHN","yes","yes",0,"no","yes"
"callionymus japonicus","japanese callionymus","CHN","yes","yes",0,"no","yes"
"callionymus octostigmatus","eight-spotted callionymus","CHN","yes","yes",0,"no","yes"
"callionymus rivatoni","li's callionymus","CHN","yes","yes",0,"no","yes"
"callionymus virgis","silkfin goby","CHN","yes","yes",0,"no","yes"
"callioonymus olidus","odorous callionymus","CHN","yes","yes",0,"no","yes"
"canthigaster rivulata","watermark pygmy pufferfish","CHN","yes","yes",0,"no","yes"
"capros aper","boarfish","DNK","yes","no",0,"no","yes"
"capros aper","boarfish","IRL","yes","no",0,"no","yes"
"capros aper","boarfish","NOR","yes","no",0,"no","yes"
"caragobius rubristriatus","red eelgoby","CHN","yes","yes",0,"no","yes"
"carangoides praeustus","brownback trevally","CHN","yes","yes",0,"no","yes"
"cepola schlegelii","indian spiny-headed redfish","CHN","yes","yes",0,"no","yes"
"cetengraulis mysticetus","pacific anchoveta","COL","yes","no",0.11,"yes","yes"
"cetengraulis mysticetus","pacific anchoveta","ECU","yes","no",0.555,"yes","yes"
"cetengraulis mysticetus","pacific anchoveta","MEX","yes","no",0.055,"yes","yes"
"cetengraulis mysticetus","pacific anchoveta","PAN","yes","no",0.11,"yes","yes"
"cetengraulis mysticetus","pacific anchoveta","PER","yes","no",0.37,"yes","yes"
"cetengraulis mysticetus","pacific anchoveta","USA","yes","no",0,"no","yes"
"chaetodon modestus","modest butterflyfish","CHN","yes","yes",0,"no","yes"
"chaeturichthys stigmatias","finespot goby","CHN","yes","yes",0,"no","yes"
"chaeturichthys stigmatias","stigmatias goby","CHN","yes","yes",0,"no","yes"
"champsodon atridorsalis","curved-back champsodon","CHN","yes","yes",0,"no","yes"
"charybdis japonica","japanese stone crab","CHN","yes","yes",0,"no","yes"
"chelidonichthys spinosus","spiny armored gurnard","CHN","yes","yes",0,"no","yes"
"chrysochir aureus","yellowfin tongue sole","CHN","yes","yes",0,"no","yes"
"clupea","herrings","CYP","yes","no",0.8,"yes","yes"
"clupea harengus","atlantic herring","BEL","yes","no",0.78,"yes","yes"
"clupea harengus","atlantic herring","CAN","yes","no",0.5,"yes","yes"
"clupea harengus","atlantic herring","DEU","yes","no",0.78,"yes","yes"
"clupea harengus","atlantic herring","DNK","yes","no",0.490385535962636,"yes","yes"
"clupea harengus","atlantic herring","ESP","yes","no",0.78,"yes","yes"
"clupea harengus","atlantic herring","EST","yes","no",0.78,"yes","yes"
"clupea harengus","atlantic herring","FIN","yes","no",0.78,"yes","yes"
"clupea harengus","atlantic herring","FRA","yes","no",0.89,"yes","yes"
"clupea harengus","atlantic herring","FRO","yes","no",0.89,"yes","yes"
"clupea harengus","atlantic herring","GBR","yes","no",0.89,"yes","yes"
"clupea harengus","atlantic herring","GRL","yes","no",0.78,"yes","yes"
"clupea harengus","atlantic herring","IMN","yes","no",0.78,"yes","yes"
"clupea harengus","atlantic herring","IRL","yes","no",0.89,"yes","yes"
"clupea harengus","atlantic herring","ISL","yes","no",0.531773568023178,"yes","yes"
"clupea harengus","atlantic herring","ITA","yes","no",1,"yes","no"
"clupea harengus","atlantic herring","LTU","yes","no",0.78,"yes","yes"
"clupea harengus","atlantic herring","LVA","yes","no",0.78,"yes","yes"
"clupea harengus","atlantic herring","NLD","yes","no",0.78,"yes","yes"
"clupea harengus","atlantic herring","NOR","yes","no",0.709031424030904,"yes","yes"
"clupea harengus","atlantic herring","POL","yes","no",0.78,"yes","yes"
"clupea harengus","atlantic herring","RUS","yes","no",0.78,"yes","yes"
"clupea harengus","atlantic herring","SWE","yes","no",0.78,"yes","yes"
"clupea harengus","atlantic herring","USA","yes","no",0,"no","yes"
"clupea pallasii","pacific herring","CAN","yes","no",0,"no","yes"
"clupea pallasii","pacific herring","CHN","yes","no",0,"no","yes"
"clupea pallasii","pacific herring","JPN","yes","no",0,"no","yes"
"clupea pallasii","pacific herring","USA","yes","no",0,"no","yes"
"cociella crocodila","crocodile flathead","CHN","yes","yes",0,"no","yes"
"cociella crocodilus","crocodile eel","CHN","yes","yes",0,"no","yes"
"coelorinchus kamoharai","kamohara's cusk-eel","CHN","yes","yes",0,"no","yes"
"coilia mystus","mystus grenadier anchovy","CHN","yes","yes",0,"no","yes"
"coilia mystus","osbeck's grenadier anchovy","CHN","yes","yes",0,"no","yes"
"coilia nasus","nasus grenadier anchovy","CHN","yes","yes",0,"no","yes"
"collichthys lucidus","spiny-headed meitong","CHN","yes","yes",0,"no","yes"
"collichthys lucidus","spinyhead croaker","CHN","yes","yes",0,"no","yes"
"conger myriaster","whitespotted conger","CHN","yes","yes",0,"no","yes"
"coptodon rendalli","redbreast tilapia","CHN","no","no",1,"yes","no"
"coptodon zillii","redbelly tilapia","CHN","no","no",1,"yes","no"
"coryphaena hippurus","common dolphinfish","ECU","yes","no",1,"yes","no"
"coryphaena hippurus","common dolphinfish","PER","yes","no",1,"yes","no"
"crossorhombus azureus","blue crossorhombus","CHN","yes","yes",0,"no","yes"
"cynoglossus gracilis","narrow-bodied tongue sole","CHN","yes","yes",0,"no","yes"
"cynoglossus joyneri","joyner's tongue sole","CHN","yes","yes",0,"no","yes"
"cynoglossus kopsii","shortheaded tonguesole","CHN","yes","yes",0,"no","yes"
"cynoglossus oligolepis","few-scaled tongue sole","CHN","yes","yes",0,"no","yes"
"cynoglossus puncticeps","punctate tongue sole","CHN","yes","yes",0,"no","yes"
"cynoglossus robustus","robust tonguefish","CHN","yes","yes",0,"no","yes"
"cynoglossus roulei","black-gill tongue sole","CHN","yes","yes",0,"no","yes"
"cynoglossus sibogae","western tongue sole","CHN","yes","yes",0,"no","yes"
"cynoglossus trigrammus","three-lined tongue sole","CHN","yes","yes",0,"no","yes"
"dactylopterus orientalis","oriental flying gurnard","CHN","yes","yes",0,"no","yes"
"decapterus macasellus","mackerel scad","CHN","yes","yes",0,"no","yes"
"decapterus macrosoma","shortfin scad","ECU","yes","no",0.580756013745705,"yes","yes"
"decapterus maruadsi","japanese scad","CHN","yes","no",0,"no","yes"
"decapterus maruadsi","japanese scad","CHN","yes","yes",0,"no","yes"
"dendrochirus bellus","beautiful shortfin scad","CHN","yes","yes",0,"no","yes"
"dendrophysa russelii","russell’s dendrophysa","CHN","yes","yes",0,"no","yes"
"diplogrammus xenicus","strange double-line callionymus","CHN","yes","yes",0,"no","yes"
"doederleinia berycoides","blackthroat seaperch","CHN","yes","yes",0,"no","yes"
"dosidicus gigas","jumbo flying squid","ARG","yes","no",1,"yes","no"
"dosidicus gigas","jumbo flying squid","ECU","yes","no",1,"yes","no"
"dosidicus gigas","jumbo flying squid","KOR","yes","no",1,"yes","no"
"dosidicus gigas","jumbo flying squid","PER","yes","no",1,"yes","no"
"dysomma melanurum","black-tailed eel","CHN","yes","yes",0,"no","yes"
"eleutheronema rhadinum","fourfinger threadfin","CHN","yes","yes",0,"no","yes"
"engraulidae","anchovies, etc. nei","RUS","yes","no",0.11,"yes","yes"
"engraulidae","anchovies, etc. nei","THA","yes","no",0,"no","yes"
"engraulis capensis","southern african anchovy","ZAF","yes","no",0.11,"yes","yes"
"engraulis encrasicolus","european anchovy","AGO","yes","no",0.11,"yes","yes"
"engraulis encrasicolus","european anchovy","ALB","yes","no",0.11,"yes","yes"
"engraulis encrasicolus","european anchovy","BEN","yes","no",0.11,"yes","yes"
"engraulis encrasicolus","european anchovy","BGR","yes","no",0.11,"yes","yes"
"engraulis encrasicolus","european anchovy","BLZ","yes","no",0.11,"yes","yes"
"engraulis encrasicolus","european anchovy","CHN","yes","no",0.555,"yes","yes"
"engraulis encrasicolus","european anchovy","CYP","yes","no",0.11,"yes","yes"
"engraulis encrasicolus","european anchovy","DEU","yes","no",0.11,"yes","yes"
"engraulis encrasicolus","european anchovy","DNK","yes","no",0.11,"yes","yes"
"engraulis encrasicolus","european anchovy","DZA","yes","no",0.11,"yes","yes"
"engraulis encrasicolus","european anchovy","EGY","yes","no",0.11,"yes","yes"
"engraulis encrasicolus","european anchovy","ESP","yes","no",0.11,"yes","yes"
"engraulis encrasicolus","european anchovy","FRA","yes","no",0.11,"yes","yes"
"engraulis encrasicolus","european anchovy","GBR","yes","no",0.11,"yes","yes"
"engraulis encrasicolus","european anchovy","GEO","yes","no",0.11,"yes","yes"
"engraulis encrasicolus","european anchovy","GHA","yes","no",0.11,"yes","yes"
"engraulis encrasicolus","european anchovy","GRC","yes","no",0.11,"yes","yes"
"engraulis encrasicolus","european anchovy","HRV","yes","no",0.11,"yes","yes"
"engraulis encrasicolus","european anchovy","IRL","yes","no",0.11,"yes","yes"
"engraulis encrasicolus","european anchovy","ITA","yes","no",0.11,"yes","yes"
"engraulis encrasicolus","european anchovy","KNA","yes","no",0.11,"yes","yes"
"engraulis encrasicolus","european anchovy","LBN","yes","no",0.11,"yes","yes"
"engraulis encrasicolus","european anchovy","LBR","yes","no",0.11,"yes","yes"
"engraulis encrasicolus","european anchovy","MAR","yes","no",0.0733333333333333,"yes","yes"
"engraulis encrasicolus","european anchovy","MLT","yes","no",0.11,"yes","yes"
"engraulis encrasicolus","european anchovy","MNE","yes","no",0.11,"yes","yes"
"engraulis encrasicolus","european anchovy","MRT","yes","no",0.11,"yes","yes"
"engraulis encrasicolus","european anchovy","NLD","yes","no",0.11,"yes","yes"
"engraulis encrasicolus","european anchovy","NOR","yes","no",0.11,"yes","yes"
"engraulis encrasicolus","european anchovy","POL","yes","no",0.11,"yes","yes"
"engraulis encrasicolus","european anchovy","PRT","yes","no",0.11,"yes","yes"
"engraulis encrasicolus","european anchovy","ROU","yes","no",0.11,"yes","yes"
"engraulis encrasicolus","european anchovy","RUS","yes","no",0.11,"yes","yes"
"engraulis encrasicolus","european anchovy","SEN","yes","no",0.11,"yes","yes"
"engraulis encrasicolus","european anchovy","SLE","yes","no",0.11,"yes","yes"
"engraulis encrasicolus","european anchovy","SVN","yes","no",0.11,"yes","yes"
"engraulis encrasicolus","european anchovy","SWE","yes","no",0.11,"yes","yes"
"engraulis encrasicolus","european anchovy","TGO","yes","no",0.11,"yes","yes"
"engraulis encrasicolus","european anchovy","TUN","yes","no",0.11,"yes","yes"
"engraulis encrasicolus","european anchovy","TUR","yes","no",0.11,"yes","yes"
"engraulis encrasicolus","european anchovy","UKR","yes","no",0.11,"yes","yes"
"engraulis encrasicolus","european anchovy","VCT","yes","no",0.11,"yes","yes"
"engraulis encrasicolus","european anchovy","ZAF","yes","no",0,"no","yes"
"engraulis encrasicolus","european anchovy","unknown","yes","no",0.11,"yes","yes"
"engraulis japonicus","japanese anchovy","CHN","yes","no",0.222,"yes","yes"
"engraulis japonicus","japanese anchovy","CHN","yes","yes",0,"no","yes"
"engraulis japonicus","japanese anchovy","JPN","yes","no",0.0366666666666667,"yes","yes"
"engraulis japonicus","japanese anchovy","KOR","yes","no",0.11,"yes","yes"
"engraulis japonicus","japanese anchovy","TWN","yes","no",0.11,"yes","yes"
"engraulis mordax","californian anchovy","MEX","yes","no",0.11,"yes","yes"
"engraulis mordax","californian anchovy","USA","yes","no",0.11,"yes","yes"
"engraulis ringens","anchoveta(=peruvian anchovy)","CHL","yes","no",0.03,"yes","yes"
"engraulis ringens","anchoveta(=peruvian anchovy)","ECU","yes","no",0.250355600058128,"yes","yes"
"engraulis ringens","anchoveta(=peruvian anchovy)","NOR","yes","no",0,"no","yes"
"engraulis ringens","anchoveta(=peruvian anchovy)","PER","yes","no",0.0818912088723952,"yes","yes"
"engraulis ringens","anchoveta(=peruvian anchovy)","USA","yes","no",0,"no","yes"
"equulites lineolatus","striped scad","CHN","yes","yes",0,"no","yes"
"equulites rivulatus","barred mackerel","CHN","yes","yes",0,"no","yes"
"equulites rivulatus","offshore ponyfish","CHN","yes","yes",0,"no","yes"
"erisphex pottii","pott's erisphex","CHN","yes","yes",0,"no","yes"
"erisphex pottii","spotted velvetfish","CHN","yes","yes",0,"no","yes"
"erisphex simplex","smooth erisphex","CHN","yes","yes",0,"no","yes"
"ethmidium maculatum","pacific menhaden","CHL","yes","no",0,"no","yes"
"ethmidium maculatum","pacific menhaden","PER","yes","no",0,"no","yes"
"eubleekeria splendens","splendid ponyfish","VNM","yes","no",1,"yes","no"
"euphausia superba","antarctic krill","CHL","yes","no",0,"no","yes"
"euphausia superba","antarctic krill","CHN","yes","no",0,"no","yes"
"euphausia superba","antarctic krill","KOR","yes","no",0,"no","yes"
"euphausia superba","antarctic krill","NOR","yes","no",0,"no","yes"
"euphausia superba","antarctic krill","UKR","yes","no",0,"no","yes"
"eupleurogrammus muticus","smallhead hairtail","CHN","yes","yes",0,"no","yes"
"euprymna morsei","mimika bobtail squid","CHN","yes","yes",0,"no","yes"
"evynnis cardinalis","red seabream","CHN","yes","yes",0,"no","yes"
"exopalaemon annandalei","annes' white shrimp","CHN","yes","yes",0,"no","yes"
"exopalaemon carinicouda","spine-tailed white shrimp","CHN","yes","yes",0,"no","yes"
"fistularia commersonii","bluespotted cornetfish","CHN","yes","yes",0,"no","yes"
"gadus chalcogrammus","alaska pollock(=walleye poll.)","CAN","yes","no",1,"yes","no"
"gadus chalcogrammus","alaska pollock(=walleye poll.)","RUS","yes","no",1,"yes","no"
"gadus chalcogrammus","alaska pollock(=walleye poll.)","USA","yes","no",1,"yes","no"
"gadus morhua","atlantic cod"," JEY","yes","no",1,"yes","no"
"gadus morhua","atlantic cod","BEL","yes","no",1,"yes","no"
"gadus morhua","atlantic cod","DEU","yes","no",1,"yes","no"
"gadus morhua","atlantic cod","DNK","yes","no",1,"yes","no"
"gadus morhua","atlantic cod","ESP","yes","no",1,"yes","no"
"gadus morhua","atlantic cod","EST","yes","no",1,"yes","no"
"gadus morhua","atlantic cod","FIN","yes","no",1,"yes","no"
"gadus morhua","atlantic cod","FRA","yes","no",1,"yes","no"
"gadus morhua","atlantic cod","FRO","yes","no",1,"yes","no"
"gadus morhua","atlantic cod","GBR","yes","no",1,"yes","no"
"gadus morhua","atlantic cod","GGY","yes","no",1,"yes","no"
"gadus morhua","atlantic cod","GRL","yes","no",1,"yes","no"
"gadus morhua","atlantic cod","IMN","yes","no",1,"yes","no"
"gadus morhua","atlantic cod","IRL","yes","no",1,"yes","no"
"gadus morhua","atlantic cod","ISL","yes","no",1,"yes","no"
"gadus morhua","atlantic cod","LTU","yes","no",1,"yes","no"
"gadus morhua","atlantic cod","LVA","yes","no",1,"yes","no"
"gadus morhua","atlantic cod","NLD","yes","no",1,"yes","no"
"gadus morhua","atlantic cod","NOR","yes","no",1,"yes","no"
"gadus morhua","atlantic cod","POL","yes","no",1,"yes","no"
"gadus morhua","atlantic cod","PRT","yes","no",1,"yes","no"
"gadus morhua","atlantic cod","RUS","yes","no",1,"yes","no"
"gadus morhua","atlantic cod","SWE","yes","no",1,"yes","no"
"gazza minuta","toothpony","CHN","yes","yes",0,"no","yes"
"genyonemus lineatus","white croaker","CHN","yes","yes",0,"no","yes"
"gerres equulus","japanese silver biddy","CHN","yes","yes",0,"no","yes"
"gerres erythrourus","red-tailed mojarra","CHN","yes","yes",0,"no","yes"
"gerres filamentosus","threadfin silver biddy","CHN","yes","yes",0,"no","yes"
"gerres filamentosus","whipfin silver biddy","CHN","yes","yes",0,"no","yes"
"gerres japonicus","japanese silver perch","CHN","yes","yes",0,"no","yes"
"gerres longirostris","strongspine silver-biddy","CHN","yes","yes",0,"no","yes"
"gerres oblongus","slender silver-biddy","CHN","yes","yes",0,"no","yes"
"glossogobius olivaceus","olive goby","CHN","yes","yes",0,"no","yes"
"gnathophis heterognathos","heterognathous eel","CHN","yes","yes",0,"no","yes"
"gnathophis nystromi","nystrom's eel","CHN","yes","yes",0,"no","yes"
"grammoplites scaber","scad","CHN","yes","yes",0,"no","yes"
"gymnammodytes semisquamatus","smooth sandeel","ESP","yes","no",0,"no","yes"
"gymnosarda unicolor","dogtooth tuna","IDN","yes","no",1,"yes","no"
"gymnothorax reticularis","reticulate moray","CHN","yes","yes",0,"no","yes"
"harpadon nehereus","bombay-duck","CHN","yes","yes",0,"no","yes"
"heniochus chrysostomus","single-spined heniochus","CHN","yes","yes",0,"no","yes"
"hexagrammos otakii","fat grrenling","CHN","yes","yes",0,"no","yes"
"hoplichthys langsdorfii","langsdorff's hoplichthys","CHN","yes","yes",0,"no","yes"
"hygophum proximum","firefly lanternfish","CHN","yes","yes",0,"no","yes"
"hyporhamphus sajori","japanese halfbeak","CHN","yes","yes",0,"no","yes"
"ilisha elongata","elongate ilisha","CHN","yes","yes",0,"no","yes"
"ilisha melastoma","blackmouth ilisha","CHN","yes","yes",0,"no","yes"
"inegocia japonica","japanese pufferfish","CHN","yes","yes",0,"no","yes"
"japonolaeops dentatus","japanese left-eyed flounder","CHN","yes","yes",0,"no","yes"
"jaydia carinatus","one-spotted snapper","CHN","yes","yes",0,"no","yes"
"jaydia ellioti","black-edged snapper","CHN","yes","yes",0,"no","yes"
"jaydia lineata","fine-striped snapper","CHN","yes","yes",0,"no","yes"
"johnius belengerii","belenger's croaker","CHN","yes","yes",0,"no","yes"
"johnius borneensis","bornean croaker","CHN","yes","yes",0,"no","yes"
"johnius carouna","caroun croaker","CHN","yes","yes",0,"no","yes"
"johnius distinctus","distinct croaker","CHN","yes","yes",0,"no","yes"
"johnius grypotus","grayfin croaker","CHN","yes","yes",0,"no","yes"
"johnius sp.","taiwan callionymus*","CHN","yes","yes",0,"no","yes"
"johnius trewavasae","trewavas’ croaker","CHN","yes","yes",0,"no","yes"
"katsuwonus pelamis","skipjack tuna","AUS","yes","no",1,"yes","no"
"katsuwonus pelamis","skipjack tuna","CHL","yes","no",1,"yes","no"
"katsuwonus pelamis","skipjack tuna","COL","yes","no",1,"yes","no"
"katsuwonus pelamis","skipjack tuna","ECU","yes","no",1,"yes","no"
"katsuwonus pelamis","skipjack tuna","ESP","yes","no",1,"yes","no"
"katsuwonus pelamis","skipjack tuna","FRA","yes","no",1,"yes","no"
"katsuwonus pelamis","skipjack tuna","IDN","yes","no",1,"yes","no"
"katsuwonus pelamis","skipjack tuna","IND","yes","no",1,"yes","no"
"katsuwonus pelamis","skipjack tuna","JPN","yes","no",1,"yes","no"
"katsuwonus pelamis","skipjack tuna","KOR","yes","no",1,"yes","no"
"katsuwonus pelamis","skipjack tuna","LKA","yes","no",1,"yes","no"
"katsuwonus pelamis","skipjack tuna","MEX","yes","no",1,"yes","no"
"katsuwonus pelamis","skipjack tuna","MUS","yes","no",1,"yes","no"
"katsuwonus pelamis","skipjack tuna","MYS","yes","no",1,"yes","no"
"katsuwonus pelamis","skipjack tuna","NIC","yes","no",1,"yes","no"
"katsuwonus pelamis","skipjack tuna","PAN","yes","no",1,"yes","no"
"katsuwonus pelamis","skipjack tuna","PER","yes","no",1,"yes","no"
"katsuwonus pelamis","skipjack tuna","PHL","yes","no",1,"yes","no"
"katsuwonus pelamis","skipjack tuna","POL","yes","no",1,"yes","no"
"katsuwonus pelamis","skipjack tuna","SLV","yes","no",1,"yes","no"
"katsuwonus pelamis","skipjack tuna","SYC","yes","no",1,"yes","no"
"katsuwonus pelamis","skipjack tuna","THA","yes","no",1,"yes","no"
"katsuwonus pelamis","skipjack tuna","TWN","yes","no",1,"yes","no"
"katsuwonus pelamis","skipjack tuna","USA","yes","no",1,"yes","no"
"katsuwonus pelamis","skipjack tuna","VEN","yes","no",1,"yes","no"
"katsuwonus pelamis","skipjack tuna","VNM","yes","no",1,"yes","no"
"katsuwonus pelamis","skipjack tuna","VUT","yes","no",1,"yes","no"
"katsuwonus pelamis","skipjack tuna","unknown","yes","no",1,"yes","no"
"konosirus punctatus","dotted gizzard shad","CHN","yes","yes",0,"no","yes"
"lagocephalus wheeleri","wheeler's rabbitfish","CHN","yes","yes",0,"no","yes"
"larimichthys crocea","large yellow croaker","CHN","yes","yes",0,"no","yes"
"larimichthys polyactis","yellow croaker","CHN","yes","yes",0,"no","yes"
"lateolabrax japonicus","japanese seabass","CHN","yes","yes",0,"no","yes"
"leiognathus berbis","berbis ponyfish","CHN","yes","yes",0,"no","yes"
"leiognathus brevirostris","short-nosed scad","CHN","yes","yes",0,"no","yes"
"leiognathus brevirostris","shortnose ponyfish","CHN","yes","yes",0,"no","yes"
"lepidotrigla alata","alata lepidotrigla","CHN","yes","yes",0,"no","yes"
"lepidotrigla alata","forksnout searobin","CHN","yes","yes",0,"no","yes"
"lepturacanthus savala","savalai hairtail","CHN","yes","yes",0,"no","yes"
"liza carinata","carinate mullet","CHN","yes","yes",0,"no","yes"
"liza carinata","keeled mullet","CHN","yes","yes",0,"no","yes"
"liza haematocheila","chinese grey mullet","CHN","yes","yes",0,"no","yes"
"loligo beka","beka squid","CHN","yes","yes",0,"no","yes"
"loligo edulis","swordtip squid","CHN","yes","yes",0,"no","yes"
"lophiomus setigerus","black-bellied anglerfish","CHN","yes","yes",0,"no","yes"
"lophius litulon","yellow-bellied anglerfish","CHN","yes","yes",0,"no","yes"
"lophosquilla costata","spine-backed shrimp","CHN","yes","yes",0,"no","yes"
"mallotus villosus","capelin","CAN","yes","no",0,"no","yes"
"mallotus villosus","capelin","DNK","yes","no",0.463462017793708,"yes","yes"
"mallotus villosus","capelin","ESP","yes","no",0.6,"yes","yes"
"mallotus villosus","capelin","FRA","yes","no",0.6,"yes","yes"
"mallotus villosus","capelin","FRO","yes","no",0.3,"yes","yes"
"mallotus villosus","capelin","GRL","yes","no",0.6,"yes","yes"
"mallotus villosus","capelin","ISL","yes","no",0.374231197746822,"yes","yes"
"mallotus villosus","capelin","NOR","yes","no",0.515865504448427,"yes","yes"
"mallotus villosus","capelin","RUS","yes","no",0.6,"yes","yes"
"mene maculata","moonfish","CHN","yes","yes",0,"no","yes"
"mene maculate","moonfish","CHN","yes","yes",0,"no","yes"
"merluccius","hakes nei","ECU","yes","no",1,"yes","no"
"merluccius","hakes nei","FRA","yes","no",1,"yes","no"
"merluccius hubbsi","argentine hake","ARG","yes","no",1,"yes","no"
"metapenaeopsis barbata","bearded pseudocycus shrimp","CHN","yes","yes",0,"no","yes"
"metapenaeus joyneri","shiba shrimp","CHN","yes","yes",0,"no","yes"
"micromesistius poutassou","blue whiting(=poutassou)","DEU","yes","no",0.02,"yes","yes"
"micromesistius poutassou","blue whiting(=poutassou)","DNK","yes","no",0.005,"yes","yes"
"micromesistius poutassou","blue whiting(=poutassou)","ESP","yes","no",0.02,"yes","yes"
"micromesistius poutassou","blue whiting(=poutassou)","FRA","yes","no",0.51,"yes","yes"
"micromesistius poutassou","blue whiting(=poutassou)","FRO","yes","no",0.00666666666666667,"yes","yes"
"micromesistius poutassou","blue whiting(=poutassou)","GBR","yes","no",0.51,"yes","yes"
"micromesistius poutassou","blue whiting(=poutassou)","GRL","yes","no",0.02,"yes","yes"
"micromesistius poutassou","blue whiting(=poutassou)","IRL","yes","no",0.51,"yes","yes"
"micromesistius poutassou","blue whiting(=poutassou)","ISL","yes","no",0.005,"yes","yes"
"micromesistius poutassou","blue whiting(=poutassou)","LTU","yes","no",0.02,"yes","yes"
"micromesistius poutassou","blue whiting(=poutassou)","NLD","yes","no",0.02,"yes","yes"
"micromesistius poutassou","blue whiting(=poutassou)","NOR","yes","no",0.0342351190699093,"yes","yes"
"micromesistius poutassou","blue whiting(=poutassou)","POL","yes","no",0.02,"yes","yes"
"micromesistius poutassou","blue whiting(=poutassou)","PRT","yes","no",0.02,"yes","yes"
"micromesistius poutassou","blue whiting(=poutassou)","RUS","yes","no",0.02,"yes","yes"
"micromesistius poutassou","blue whiting(=poutassou)","SWE","yes","no",0.02,"yes","yes"
"miichthys miiuy","mi-iuy (brown) croaker","CHN","yes","yes",0,"no","yes"
"minous monodactylus","gray stingfish","CHN","yes","yes",0,"no","yes"
"minous monodactylus","monodactylus scad","CHN","yes","yes",0,"no","yes"
"miyakea nepa","long-tailed mantis shrimp","CHN","yes","yes",0,"no","yes"
"moringua macrocephalus","bigheaded eel","CHN","yes","yes",0,"no","yes"
"muraenesox cinereus","daggertooth pike conger","CHN","yes","yes",0,"no","yes"
"myersina filifer","long-finned myersina","CHN","yes","yes",0,"no","yes"
"nematalosa nasus","bloch's gizzard shad","CHN","yes","yes",0,"no","yes"
"nemipterus virgatus","golden threadfin bream","CHN","yes","yes",0,"no","yes"
"octopus vulgare","common octopus","CHN","yes","yes",0,"no","yes"
"odontamblyopus lacepedii","lacepede's wolf goby","CHN","yes","yes",0,"no","yes"
"oedalechilus labeo","boxlip mullet","CHN","yes","yes",0,"no","yes"
"okamejei boesemani","boeseman's skate","CHN","yes","yes",0,"no","yes"
"okamejei kenojei","banded stingray (banded skate)","CHN","yes","yes",0,"no","yes"
"oncorhynchus kisutch","coho(=silver) salmon","CHL","no","no",1,"yes","no"
"oncorhynchus mykiss","rainbow trout","NOR","yes","no",1,"yes","no"
"ophichthus apicalis","sharp-nosed eel","CHN","yes","yes",0,"no","yes"
"opisthonema libertate","pacific thread herring","ECU","yes","no",1,"yes","no"
"opisthonema libertate","pacific thread herring","MEX","yes","no",1,"yes","no"
"oplegnathus fascistus","striped beakperch","CHN","yes","yes",0,"no","yes"
"oratosquilla oratoria","japanese squillid mantis shrimp","CHN","yes","yes",0,"no","yes"
"oratosquillina asiatica","asian shrimp","CHN","yes","yes",0,"no","yes"
"oratosquillina interrupta","broken-back shrimp","CHN","yes","yes",0,"no","yes"
"oreochromis","tilapias nei","CHN","no","no",1,"yes","no"
"oreochromis andersonii","three spotted tilapia","CHN","no","no",1,"yes","no"
"oreochromis aureus","blue tilapia","CHN","no","no",1,"yes","no"
"oreochromis macrochir","longfin tilapia","CHN","no","no",1,"yes","no"
"oreochromis mossambicus","mozambique tilapia","CHN","no","no",1,"yes","no"
"oreochromis niloticus","nile tilapia","CHN","no","no",1,"yes","no"
"oreochromis shiranus","tilapia shiranus","CHN","no","no",1,"yes","no"
"oreochromis spilurus","sabaki tilapia","CHN","no","no",1,"yes","no"
"ostorhinchus fasciatus","broad-barred cardinalfish","CHN","yes","yes",0,"no","yes"
"ostorhinchus kiensis","midline cardinalfish","CHN","yes","yes",0,"no","yes"
"ostorhinchus pleuron","lateral-banded cardinalfish","CHN","yes","yes",0,"no","yes"
"ostorhinchus semilineatus","semi-lined cardinalfish","CHN","yes","yes",0,"no","yes"
"otolithes ruber","tigertooth croaker","CHN","yes","yes",0,"no","yes"
"ovalipes punctatus","sand crab","CHN","yes","yes",0,"no","yes"
"oxyurichthys papuensis","papua goby","CHN","yes","yes",0,"no","yes"
"palaemon gravieri","chinese ditch prawn","CHN","yes","yes",0,"no","yes"
"palaemon gravieri","ge's long-arm shrimp","CHN","yes","yes",0,"no","yes"
"palaemon pacificus","pacific long-arm shrimp","CHN","yes","yes",0,"no","yes"
"palaemon tenuidactylus","slender long-arm shrimp","CHN","yes","yes",0,"no","yes"
"pampus argenteus","silver pomfret","CHN","yes","yes",0,"no","yes"
"pampus chinensis","chinese silver pomfret","CHN","yes","yes",0,"no","yes"
"pampus punctatissimus","northern silver pomfret","CHN","yes","yes",0,"no","yes"
"pangasius","pangas catfishes nei","VNM","yes","no",1,"yes","no"
"paracentropogon rubripinnis","red-finned scorpaenopsis","CHN","yes","yes",0,"no","yes"
"parachaeturichthys polynema","many-bearded parachthys","CHN","yes","yes",0,"no","yes"
"paralichthys olivaceus","bastard halibut","CHN","yes","yes",0,"no","yes"
"paramonacanthus sulcatus","velvet-lined pufferfish","CHN","yes","yes",0,"no","yes"
"parapenaeopsis cornuta","horned pseudocycus shrimp","CHN","yes","yes",0,"no","yes"
"parapenaeopsis hardwickii","hales' pseudocycus shrimp","CHN","yes","yes",0,"no","yes"
"parapenaeopsis tenella","elegant pseudocycus shrimp","CHN","yes","yes",0,"no","yes"
"parapercis ommatura","eye-spotted parapercis","CHN","yes","yes",0,"no","yes"
"parapercis sexfasciata","six-banded parapercis","CHN","yes","yes",0,"no","yes"
"paraplagusia japonica","japanese whiskered sole","CHN","yes","yes",0,"no","yes"
"pennahia anea","donkey croaker","CHN","yes","yes",0,"no","yes"
"pennahia argentata","silver croaker","CHN","yes","yes",0,"no","yes"
"pennahia macrocephalus","bighead pennahia","CHN","yes","yes",0,"no","yes"
"perciformes","tuna-like fishes nei","AUS","yes","no",1,"yes","no"
"perciformes","tuna-like fishes nei","COL","yes","no",1,"yes","no"
"perciformes","tuna-like fishes nei","ECU","yes","no",1,"yes","no"
"perciformes","tuna-like fishes nei","ESP","yes","no",1,"yes","no"
"perciformes","tuna-like fishes nei","IDN","yes","no",1,"yes","no"
"perciformes","tuna-like fishes nei","KOR","yes","no",1,"yes","no"
"perciformes","tuna-like fishes nei","LKA","yes","no",1,"yes","no"
"perciformes","tuna-like fishes nei","MYS","yes","no",1,"yes","no"
"perciformes","tuna-like fishes nei","PER","yes","no",1,"yes","no"
"perciformes","tuna-like fishes nei","TLS","yes","no",1,"yes","no"
"petroscirtes mitratus","jumping rockblenny","CHN","yes","yes",0,"no","yes"
"phalium bisulcatum","japanese bonnet","CHN","yes","yes",0,"no","yes"
"pholis fangi","fang's pholis","CHN","yes","yes",0,"no","yes"
"pholis nebulosa","cloudy pholis","CHN","yes","yes",0,"no","yes"
"photopectoralis bindus","orangefin ponyfish","CHN","yes","yes",0,"no","yes"
"pisodonophis boro","omnivorous eel","CHN","yes","yes",0,"no","yes"
"pisodonophis cancrivorus","crab-eating eel","CHN","yes","yes",0,"no","yes"
"platycephalus indicus","bartail flathead","CHN","yes","yes",0,"no","yes"
"pleuronichthys cornutus","horned flounder","CHN","yes","yes",0,"no","yes"
"plotosus lineatus","striped eel catfish","CHN","yes","yes",0,"no","yes"
"polinices didyma","bladder moon snail","CHN","yes","yes",0,"no","yes"
"pollachius pollachius","pollack","USA","yes","no",1,"yes","no"
"pollachius virens","saithe(=pollock)","USA","yes","no",0,"no","yes"
"polydactylus sexfilis","sixfinger threadfin","CHN","yes","yes",0,"no","yes"
"prionotus carolinus","northern searobin","ECU","yes","no",0,"no","yes"
"pristigenys niphonia","japanese sawcheek","CHN","yes","yes",0,"no","yes"
"psenopsis anomala","pacific rudderfish","CHN","yes","yes",0,"no","yes"
"psettina filimanus","silk-fingered psettina","CHN","yes","yes",0,"no","yes"
"pseudanthias rubrizonatus","rubrizonatus anthias","CHN","yes","yes",0,"no","yes"
"pseudorhombus cinnamoneus","cinnamon flounder","CHN","yes","yes",0,"no","yes"
"pterois volitans","red lionfish","CHN","yes","yes",0,"no","yes"
"rapana venosa","veined rapa whelk","CHN","yes","yes",0,"no","yes"
"rastrelliger","indian mackerels nei","THA","yes","no",0,"no","yes"
"rastrelliger kanagurta","indian mackerel","CHN","yes","yes",0,"no","yes"
"rastrelliger kanagurta","indian mackerel","THA","yes","no",0,"no","yes"
"rhynchoconger ectenurus","black-tailed conger","CHN","yes","yes",0,"no","yes"
"rogadius asper","spiny pufferfish","CHN","yes","yes",0,"no","yes"
"salmo salar","atlantic salmon","CHL","no","no",0.954209632228008,"yes","yes"
"salmo salar","atlantic salmon","ESP","no","no",1,"yes","no"
"salmo salar","atlantic salmon","FRO","no","no",1,"yes","no"
"salmo salar","atlantic salmon","GBR","no","no",1,"yes","no"
"salmo salar","atlantic salmon","IRL","no","no",1,"yes","no"
"salmo salar","atlantic salmon","ISL","no","no",1,"yes","no"
"salmo salar","atlantic salmon","ITA","no","no",1,"yes","no"
"salmo salar","atlantic salmon","LVA","no","no",1,"yes","no"
"salmo salar","atlantic salmon","NOR","no","no",0.931314448342011,"yes","yes"
"salmo salar","atlantic salmon","RUS","no","no",1,"yes","no"
"salmo salar","atlantic salmon","SWE","no","no",1,"yes","no"
"samaris cristatus","crest flounder","CHN","yes","yes",0,"no","yes"
"sarda lineolata","pacific bonito","ECU","yes","no",1,"yes","no"
"sarda lineolata","pacific bonito","PER","yes","no",1,"yes","no"
"sardina pilchardus","european pilchard(=sardine)","ALB","yes","no",0.8,"yes","yes"
"sardina pilchardus","european pilchard(=sardine)","BEL","yes","no",0.8,"yes","yes"
"sardina pilchardus","european pilchard(=sardine)","BGR","yes","no",0.8,"yes","yes"
"sardina pilchardus","european pilchard(=sardine)","BLZ","yes","no",0.8,"yes","yes"
"sardina pilchardus","european pilchard(=sardine)","CHN","yes","no",0.8,"yes","yes"
"sardina pilchardus","european pilchard(=sardine)","CYP","yes","no",0.8,"yes","yes"
"sardina pilchardus","european pilchard(=sardine)","DEU","yes","no",0.8,"yes","yes"
"sardina pilchardus","european pilchard(=sardine)","DNK","yes","no",0.8,"yes","yes"
"sardina pilchardus","european pilchard(=sardine)","DZA","yes","no",0.8,"yes","yes"
"sardina pilchardus","european pilchard(=sardine)","ESP","yes","no",0.8,"yes","yes"
"sardina pilchardus","european pilchard(=sardine)","FRA","yes","no",0.8,"yes","yes"
"sardina pilchardus","european pilchard(=sardine)","GBR","yes","no",0.8,"yes","yes"
"sardina pilchardus","european pilchard(=sardine)","GEO","yes","no",0.8,"yes","yes"
"sardina pilchardus","european pilchard(=sardine)","GRC","yes","no",0.8,"yes","yes"
"sardina pilchardus","european pilchard(=sardine)","HRV","yes","no",0.8,"yes","yes"
"sardina pilchardus","european pilchard(=sardine)","IRL","yes","no",0.8,"yes","yes"
"sardina pilchardus","european pilchard(=sardine)","ITA","yes","no",0.8,"yes","yes"
"sardina pilchardus","european pilchard(=sardine)","KNA","yes","no",0.8,"yes","yes"
"sardina pilchardus","european pilchard(=sardine)","KOR","yes","no",0.8,"yes","yes"
"sardina pilchardus","european pilchard(=sardine)","LTU","yes","no",0.8,"yes","yes"
"sardina pilchardus","european pilchard(=sardine)","LVA","yes","no",0.8,"yes","yes"
"sardina pilchardus","european pilchard(=sardine)","MAR","yes","no",0.4,"yes","yes"
"sardina pilchardus","european pilchard(=sardine)","MLT","yes","no",0.8,"yes","yes"
"sardina pilchardus","european pilchard(=sardine)","MNE","yes","no",0.8,"yes","yes"
"sardina pilchardus","european pilchard(=sardine)","MRT","yes","no",0.266666666666667,"yes","yes"
"sardina pilchardus","european pilchard(=sardine)","NLD","yes","no",0.8,"yes","yes"
"sardina pilchardus","european pilchard(=sardine)","NOR","yes","no",0.4,"yes","yes"
"sardina pilchardus","european pilchard(=sardine)","POL","yes","no",0.8,"yes","yes"
"sardina pilchardus","european pilchard(=sardine)","PRT","yes","no",0.8,"yes","yes"
"sardina pilchardus","european pilchard(=sardine)","RUS","yes","no",0.8,"yes","yes"
"sardina pilchardus","european pilchard(=sardine)","SEN","yes","no",0.8,"yes","yes"
"sardina pilchardus","european pilchard(=sardine)","SVN","yes","no",0.8,"yes","yes"
"sardina pilchardus","european pilchard(=sardine)","TUN","yes","no",0.8,"yes","yes"
"sardina pilchardus","european pilchard(=sardine)","TUR","yes","no",0.4,"yes","yes"
"sardina pilchardus","european pilchard(=sardine)","UKR","yes","no",0.8,"yes","yes"
"sardina pilchardus","european pilchard(=sardine)","VCT","yes","no",0.8,"yes","yes"
"sardina pilchardus","european pilchard(=sardine)","unknown","yes","no",0.8,"yes","yes"
"sardinella","sardinellas nei","ARE","yes","no",0.15,"yes","yes"
"sardinella","sardinellas nei","BEN","yes","no",0.8,"yes","yes"
"sardinella","sardinellas nei","BHR","yes","no",0.15,"yes","yes"
"sardinella","sardinellas nei","BLZ","yes","no",0.8,"yes","yes"
"sardinella","sardinellas nei","CHN","yes","no",0.8,"yes","yes"
"sardinella","sardinellas nei","CIV","yes","no",0.8,"yes","yes"
"sardinella","sardinellas nei","CMR","yes","no",0.8,"yes","yes"
"sardinella","sardinellas nei","COG","yes","no",0.8,"yes","yes"
"sardinella","sardinellas nei","COM","yes","no",0.15,"yes","yes"
"sardinella","sardinellas nei","DZA","yes","no",0.8,"yes","yes"
"sardinella","sardinellas nei","EAZ","yes","no",0.15,"yes","yes"
"sardinella","sardinellas nei","EGY","yes","no",0.475,"yes","yes"
"sardinella","sardinellas nei","ESP","yes","no",0.8,"yes","yes"
"sardinella","sardinellas nei","GEO","yes","no",0.8,"yes","yes"
"sardinella","sardinellas nei","GHA","yes","no",0.8,"yes","yes"
"sardinella","sardinellas nei","GIN","yes","no",0.8,"yes","yes"
"sardinella","sardinellas nei","GMB","yes","no",0.8,"yes","yes"
"sardinella","sardinellas nei","GNB","yes","no",0.8,"yes","yes"
"sardinella","sardinellas nei","ISR","yes","no",0.8,"yes","yes"
"sardinella","sardinellas nei","JOR","yes","no",0.15,"yes","yes"
"sardinella","sardinellas nei","KNA","yes","no",0.8,"yes","yes"
"sardinella","sardinellas nei","LBR","yes","no",0.8,"yes","yes"
"sardinella","sardinellas nei","LTU","yes","no",0.8,"yes","yes"
"sardinella","sardinellas nei","LVA","yes","no",0.8,"yes","yes"
"sardinella","sardinellas nei","MAR","yes","no",0.8,"yes","yes"
"sardinella","sardinellas nei","MEX","yes","no",0,"no","yes"
"sardinella","sardinellas nei","MLT","yes","no",0.8,"yes","yes"
"sardinella","sardinellas nei","MRT","yes","no",0.8,"yes","yes"
"sardinella","sardinellas nei","NGA","yes","no",0.8,"yes","yes"
"sardinella","sardinellas nei","PHL","yes","no",0,"no","yes"
"sardinella","sardinellas nei","POL","yes","no",0.8,"yes","yes"
"sardinella","sardinellas nei","PSE","yes","no",0.8,"yes","yes"
"sardinella","sardinellas nei","QAT","yes","no",0.15,"yes","yes"
"sardinella","sardinellas nei","SEN","yes","no",0.8,"yes","yes"
"sardinella","sardinellas nei","SLE","yes","no",0.8,"yes","yes"
"sardinella","sardinellas nei","STP","yes","no",0.8,"yes","yes"
"sardinella","sardinellas nei","SYR","yes","no",0.8,"yes","yes"
"sardinella","sardinellas nei","THA","yes","no",0,"no","yes"
"sardinella","sardinellas nei","TUN","yes","no",0.8,"yes","yes"
"sardinella","sardinellas nei","TZA","yes","no",0.15,"yes","yes"
"sardinella","sardinellas nei","UKR","yes","no",0.8,"yes","yes"
"sardinella","sardinellas nei","VCT","yes","no",0.8,"yes","yes"
"sardinella","sardinellas nei","VNM","yes","no",0,"no","yes"
"sardinella","sardinellas nei","unknown","yes","no",0.8,"yes","yes"
"sardinella aurita","round sardinella","CHN","yes","yes",0,"no","yes"
"sardinella aurita","round sardinella","CIV","yes","no",0.8,"yes","yes"
"sardinella aurita","round sardinella","CMR","yes","no",0.8,"yes","yes"
"sardinella aurita","round sardinella","COG","yes","no",0.8,"yes","yes"
"sardinella aurita","round sardinella","CYP","yes","no",0.8,"yes","yes"
"sardinella aurita","round sardinella","DEU","yes","no",0.8,"yes","yes"
"sardinella aurita","round sardinella","ESP","yes","no",0.8,"yes","yes"
"sardinella aurita","round sardinella","FRA","yes","no",0.8,"yes","yes"
"sardinella aurita","round sardinella","GHA","yes","no",0.8,"yes","yes"
"sardinella aurita","round sardinella","GRC","yes","no",0.8,"yes","yes"
"sardinella aurita","round sardinella","HRV","yes","no",0.8,"yes","yes"
"sardinella aurita","round sardinella","ISR","yes","no",0.8,"yes","yes"
"sardinella aurita","round sardinella","ITA","yes","no",0.8,"yes","yes"
"sardinella aurita","round sardinella","LBN","yes","no",0.8,"yes","yes"
"sardinella aurita","round sardinella","LBR","yes","no",0.8,"yes","yes"
"sardinella aurita","round sardinella","LBY","yes","no",0.8,"yes","yes"
"sardinella aurita","round sardinella","LTU","yes","no",0.8,"yes","yes"
"sardinella aurita","round sardinella","MAR","yes","no",0.8,"yes","yes"
"sardinella aurita","round sardinella","MLT","yes","no",0.8,"yes","yes"
"sardinella aurita","round sardinella","MNE","yes","no",0.8,"yes","yes"
"sardinella aurita","round sardinella","NLD","yes","no",0.8,"yes","yes"
"sardinella aurita","round sardinella","RUS","yes","no",0.8,"yes","yes"
"sardinella aurita","round sardinella","SEN","yes","no",0.8,"yes","yes"
"sardinella aurita","round sardinella","TGO","yes","no",0.8,"yes","yes"
"sardinella fimbriata","fringescale sardinella","CHN","yes","yes",0,"no","yes"
"sardinella hualiensis","hualien sardine","CHN","yes","yes",0,"no","yes"
"sardinella jussieu","jussieu's sardine","CHN","yes","yes",0,"no","yes"
"sardinella longiceps","indian oil sardine","IND","yes","no",0.0920875232886783,"yes","yes"
"sardinella longiceps","indian oil sardine","IRN","yes","no",0.15,"yes","yes"
"sardinella longiceps","indian oil sardine","OMN","yes","no",0.05,"yes","yes"
"sardinella longiceps","indian oil sardine","PAK","yes","no",0.15,"yes","yes"
"sardinella longiceps","indian oil sardine","YEM","yes","no",0.15,"yes","yes"
"sardinella maderensis","madeiran sardinella","CIV","yes","no",0.8,"yes","yes"
"sardinella maderensis","madeiran sardinella","CMR","yes","no",0.8,"yes","yes"
"sardinella maderensis","madeiran sardinella","COG","yes","no",0.8,"yes","yes"
"sardinella maderensis","madeiran sardinella","DEU","yes","no",0.8,"yes","yes"
"sardinella maderensis","madeiran sardinella","ESP","yes","no",0.8,"yes","yes"
"sardinella maderensis","madeiran sardinella","GHA","yes","no",0.8,"yes","yes"
"sardinella maderensis","madeiran sardinella","LBR","yes","no",0.8,"yes","yes"
"sardinella maderensis","madeiran sardinella","LTU","yes","no",0.8,"yes","yes"
"sardinella maderensis","madeiran sardinella","MAR","yes","no",0.8,"yes","yes"
"sardinella maderensis","madeiran sardinella","NGA","yes","no",0.8,"yes","yes"
"sardinella maderensis","madeiran sardinella","NLD","yes","no",0.8,"yes","yes"
"sardinella maderensis","madeiran sardinella","PRT","yes","no",0.8,"yes","yes"
"sardinella maderensis","madeiran sardinella","SEN","yes","no",0.8,"yes","yes"
"sardinella maderensis","madeiran sardinella","TGO","yes","no",0.8,"yes","yes"
"sardinella nymphaea","chinese sardine","CHN","yes","yes",0,"no","yes"
"sardinella zunasi","japanese sardinella","CHN","yes","no",0,"no","yes"
"sardinella zunasi","japanese sardinella","CHN","yes","yes",0,"no","yes"
"sardinella zunasi","japanese sardinella","JPN","yes","no",0,"no","yes"
"sardinops sagax","south american pilchard","CHL","yes","no",0,"no","yes"
"sardinops sagax","south american pilchard","CHN","yes","no",0,"no","yes"
"sardinops sagax","south american pilchard","ECU","yes","no",0,"no","yes"
"sardinops sagax","south american pilchard","JPN","yes","no",0,"no","yes"
"sardinops sagax","south american pilchard","KOR","yes","no",0,"no","yes"
"sardinops sagax","south american pilchard","MEX","yes","no",0,"no","yes"
"sardinops sagax","south american pilchard","NZL","yes","no",0,"no","yes"
"sardinops sagax","south american pilchard","PAN","yes","no",0,"no","yes"
"sardinops sagax","south american pilchard","PER","yes","no",0,"no","yes"
"sardinops sagax","south american pilchard","RUS","yes","no",0,"no","yes"
"sardinops sagax","south american pilchard","USA","yes","no",0,"no","yes"
"sardinops sagax","south american pilchard","ZAF","yes","no",0,"no","yes"
"sarotherodon galilaeus","mango tilapia","CHN","no","no",1,"yes","no"
"sarotherodon melanotheron","blackchin tilapia","CHN","no","no",1,"yes","no"
"saurenchelys fierasfer","line-tailed eel","CHN","yes","yes",0,"no","yes"
"saurida brasiliensis","largescale lizardfish","CHN","yes","yes",0,"no","yes"
"saurida elongata","long-bodied barracuda","CHN","yes","yes",0,"no","yes"
"saurida elongata","slender lizardfish","CHN","yes","yes",0,"no","yes"
"saurida elongate","slender lizardfish","CHN","yes","no",0,"no","yes"
"saurida tumbil","greater lizardfish","CHN","yes","yes",0,"no","yes"
"scoliodon macrorhynchos","bigmouth spadenose shark","CHN","yes","yes",0,"no","yes"
"scolopsis vosmeri","vosmer’s spinecheek","CHN","yes","yes",0,"no","yes"
"scomber colias","atlantic chub mackerel","BLZ","yes","no",0.77,"yes","yes"
"scomber colias","atlantic chub mackerel","CHN","yes","no",0.77,"yes","yes"
"scomber colias","atlantic chub mackerel","CIV","yes","no",0.77,"yes","yes"
"scomber colias","atlantic chub mackerel","COG","yes","no",0.77,"yes","yes"
"scomber colias","atlantic chub mackerel","DEU","yes","no",0.77,"yes","yes"
"scomber colias","atlantic chub mackerel","DNK","yes","no",0.77,"yes","yes"
"scomber colias","atlantic chub mackerel","ESP","yes","no",0.77,"yes","yes"
"scomber colias","atlantic chub mackerel","FRA","yes","no",0.77,"yes","yes"
"scomber colias","atlantic chub mackerel","GAB","yes","no",0.77,"yes","yes"
"scomber colias","atlantic chub mackerel","GEO","yes","no",0.77,"yes","yes"
"scomber colias","atlantic chub mackerel","GHA","yes","no",0.77,"yes","yes"
"scomber colias","atlantic chub mackerel","GIN","yes","no",0.77,"yes","yes"
"scomber colias","atlantic chub mackerel","GMB","yes","no",0.77,"yes","yes"
"scomber colias","atlantic chub mackerel","GNB","yes","no",0.77,"yes","yes"
"scomber colias","atlantic chub mackerel","GNQ","yes","no",0.77,"yes","yes"
"scomber colias","atlantic chub mackerel","KNA","yes","no",0.77,"yes","yes"
"scomber colias","atlantic chub mackerel","KOR","yes","no",0.77,"yes","yes"
"scomber colias","atlantic chub mackerel","LBR","yes","no",0.77,"yes","yes"
"scomber colias","atlantic chub mackerel","LTU","yes","no",0.77,"yes","yes"
"scomber colias","atlantic chub mackerel","LVA","yes","no",0.77,"yes","yes"
"scomber colias","atlantic chub mackerel","MAR","yes","no",0.77,"yes","yes"
"scomber colias","atlantic chub mackerel","MRT","yes","no",0.77,"yes","yes"
"scomber colias","atlantic chub mackerel","NLD","yes","no",0.77,"yes","yes"
"scomber colias","atlantic chub mackerel","POL","yes","no",0.77,"yes","yes"
"scomber colias","atlantic chub mackerel","PRT","yes","no",0.77,"yes","yes"
"scomber colias","atlantic chub mackerel","RUS","yes","no",0.77,"yes","yes"
"scomber colias","atlantic chub mackerel","SEN","yes","no",0.77,"yes","yes"
"scomber colias","atlantic chub mackerel","TGO","yes","no",0.77,"yes","yes"
"scomber colias","atlantic chub mackerel","UKR","yes","no",0.77,"yes","yes"
"scomber colias","atlantic chub mackerel","VCT","yes","no",0.77,"yes","yes"
"scomber colias","atlantic chub mackerel","unknown","yes","no",0.77,"yes","yes"
"scomber japonicus","pacific chub mackerel","CHL","yes","no",0.323333333333333,"yes","yes"
"scomber japonicus","pacific chub mackerel","CHN","yes","no",0.485,"yes","yes"
"scomber japonicus","pacific chub mackerel","CHN","yes","yes",0,"no","yes"
"scomber japonicus","pacific chub mackerel","DEU","yes","no",0.97,"yes","yes"
"scomber japonicus","pacific chub mackerel","ECU","yes","no",0.690188002616395,"yes","yes"
"scomber japonicus","pacific chub mackerel","JPN","yes","no",0,"no","yes"
"scomber japonicus","pacific chub mackerel","KOR","yes","no",0.97,"yes","yes"
"scomber japonicus","pacific chub mackerel","LTU","yes","no",0.97,"yes","yes"
"scomber japonicus","pacific chub mackerel","MEX","yes","no",0.323333333333333,"yes","yes"
"scomber japonicus","pacific chub mackerel","NLD","yes","no",0.97,"yes","yes"
"scomber japonicus","pacific chub mackerel","PER","yes","no",0.4925,"yes","yes"
"scomber japonicus","pacific chub mackerel","PHL","yes","no",0.97,"yes","yes"
"scomber japonicus","pacific chub mackerel","POL","yes","no",0.97,"yes","yes"
"scomber japonicus","pacific chub mackerel","RUS","yes","no",0.97,"yes","yes"
"scomber japonicus","pacific chub mackerel","USA","yes","no",0.97,"yes","yes"
"scomber japonicus","pacific chub mackerel","VUT","yes","no",0.97,"yes","yes"
"scomber scombrus","atlantic mackerel"," JEY","yes","no",0.77,"yes","yes"
"scomber scombrus","atlantic mackerel","BEL","yes","no",0.77,"yes","yes"
"scomber scombrus","atlantic mackerel","DEU","yes","no",0.77,"yes","yes"
"scomber scombrus","atlantic mackerel","DNK","yes","no",0.923333333333333,"yes","yes"
"scomber scombrus","atlantic mackerel","ESP","yes","no",0.846666666666667,"yes","yes"
"scomber scombrus","atlantic mackerel","FRA","yes","no",0.77,"yes","yes"
"scomber scombrus","atlantic mackerel","FRO","yes","no",0.885,"yes","yes"
"scomber scombrus","atlantic mackerel","GBR","yes","no",0.923333333333333,"yes","yes"
"scomber scombrus","atlantic mackerel","GGY","yes","no",0.77,"yes","yes"
"scomber scombrus","atlantic mackerel","GRL","yes","no",0.77,"yes","yes"
"scomber scombrus","atlantic mackerel","IMN","yes","no",0.77,"yes","yes"
"scomber scombrus","atlantic mackerel","IRL","yes","no",0.885,"yes","yes"
"scomber scombrus","atlantic mackerel","ISL","yes","no",0.923333333333333,"yes","yes"
"scomber scombrus","atlantic mackerel","LTU","yes","no",0.77,"yes","yes"
"scomber scombrus","atlantic mackerel","NLD","yes","no",0.77,"yes","yes"
"scomber scombrus","atlantic mackerel","NOR","yes","no",0.923333333333333,"yes","yes"
"scomber scombrus","atlantic mackerel","POL","yes","no",0.77,"yes","yes"
"scomber scombrus","atlantic mackerel","PRT","yes","no",0.77,"yes","yes"
"scomber scombrus","atlantic mackerel","RUS","yes","no",0.77,"yes","yes"
"scomber scombrus","atlantic mackerel","SWE","yes","no",0.77,"yes","yes"
"scomberomorus guttatus","indo-pacific king mackerel","BRN","yes","no",0.97,"yes","yes"
"scomberomorus guttatus","indo-pacific king mackerel","IDN","yes","no",0.97,"yes","yes"
"scomberomorus niphonius","japanese spanish mackerel","CHN","yes","yes",0,"no","yes"
"scomer japonicus","chub mackerel","CHN","yes","no",0,"no","yes"
"scorpaenopsis cirrosa","scorpaenopsis cirrosa","CHN","yes","yes",0,"no","yes"
"sebastes schlegeli","schlegel’s rockfish","CHN","yes","yes",0,"no","yes"
"sebastiscus marmoratus","marbled rockfish","CHN","yes","yes",0,"no","yes"
"secutor ruconius","deep pugnose ponyfish","CHN","yes","yes",0,"no","yes"
"secutor ruconius","ruconius scad","CHN","yes","yes",0,"no","yes"
"sepia kobiensis hoyle","kobi cuttlefish","CHN","yes","yes",0,"no","yes"
"sepiola birostrata","butterfly bobtail squid","CHN","yes","yes",0,"no","yes"
"setipinna taty","scaly hairfin anchovy","CHN","yes","yes",0,"no","yes"
"setipinna tenuifilis","common hairfin anchovy","CHN","yes","yes",0,"no","yes"
"setipinna tenuifilis","yellowfin scad","CHN","yes","yes",0,"no","yes"
"siganus fuscescens","mottled spinefoot","CHN","yes","yes",0,"no","yes"
"siganus guttatus","goldlined spinefoot","VNM","yes","no",1,"yes","no"
"sillago japonica","japanese sillago","CHN","yes","yes",0,"no","yes"
"sillago sihama","silver sillago","CHN","yes","yes",0,"no","yes"
"solea ovata","oval sole","CHN","yes","yes",0,"no","yes"
"solenocera crassicornis","coastal mud shrimp","CHN","yes","yes",0,"no","yes"
"sphyraena flavicauda","yellowtail barracuda","CHN","yes","yes",0,"no","yes"
"sprattus sprattus","european sprat","BEL","yes","no",0.2,"yes","yes"
"sprattus sprattus","european sprat","DEU","yes","no",0.2,"yes","yes"
"sprattus sprattus","european sprat","DNK","yes","no",0.24,"yes","yes"
"sprattus sprattus","european sprat","ESP","yes","no",0.2,"yes","yes"
"sprattus sprattus","european sprat","EST","yes","no",0.2,"yes","yes"
"sprattus sprattus","european sprat","FIN","yes","no",0.2,"yes","yes"
"sprattus sprattus","european sprat","FRA","yes","no",0.2,"yes","yes"
"sprattus sprattus","european sprat","FRO","yes","no",0.2,"yes","yes"
"sprattus sprattus","european sprat","GBR","yes","no",0.2,"yes","yes"
"sprattus sprattus","european sprat","IRL","yes","no",0.2,"yes","yes"
"sprattus sprattus","european sprat","LTU","yes","no",0.2,"yes","yes"
"sprattus sprattus","european sprat","LVA","yes","no",0.2,"yes","yes"
"sprattus sprattus","european sprat","NLD","yes","no",0.2,"yes","yes"
"sprattus sprattus","european sprat","NOR","yes","no",0.24,"yes","yes"
"sprattus sprattus","european sprat","POL","yes","no",0.2,"yes","yes"
"sprattus sprattus","european sprat","RUS","yes","no",0.2,"yes","yes"
"sprattus sprattus","european sprat","SWE","yes","no",0.2,"yes","yes"
"stephanolepis cirrhifer","threadsail filefish","CHN","yes","yes",0,"no","yes"
"stolephorus","stolephorus anchovies nei","HKG","yes","no",0.11,"yes","yes"
"stolephorus commersoni","commerson's anchovy","CHN","yes","yes",0,"no","yes"
"stolephorus commersonnii","commerson's anchovy","CHN","yes","yes",0,"no","yes"
"stolephorus indicus","indian anchovy","CHN","yes","no",0,"no","yes"
"stolephorus indicus","indian anchovy","CHN","yes","yes",0,"no","yes"
"strangomera bentincki","araucanian herring","CHL","yes","no",0,"no","yes"
"suezichthys gracilis","elongated suezichthys","CHN","yes","yes",0,"no","yes"
"synechogobius hasta","javelin goby","CHN","yes","yes",0,"no","yes"
"synechogobius ommaturus","spotted spiny goby","CHN","yes","yes",0,"no","yes"
"synodus hoshinonis","shoulder spot lizardfish","CHN","yes","yes",0,"no","yes"
"synodus kaianus","gunther's lizard fish","CHN","yes","yes",0,"no","yes"
"taenioides cirratus","whiskered eel goby","CHN","yes","yes",0,"no","yes"
"takifugu alboplumbeus","lead-spotted pufferfish","CHN","yes","yes",0,"no","yes"
"takifugu niphobles","starry pufferfish","CHN","yes","yes",0,"no","yes"
"takifugu oblongus","striped pufferfish","CHN","yes","yes",0,"no","yes"
"takifugu xanthopterus","yellowfin pufferfish","CHN","yes","yes",0,"no","yes"
"tanakius kitaharae","kitahara flounder","CHN","yes","yes",0,"no","yes"
"teixeirichthys jordani","jordan's teixeirichthys","CHN","yes","yes",0,"no","yes"
"terapon jarbua","jarbua terapon","CHN","yes","yes",0,"no","yes"
"thamnaconus hypargyreus","yellowfin filefish","CHN","yes","yes",0,"no","yes"
"thrissa kammalensis","kammal thryssa","CHN","yes","yes",0,"no","yes"
"thryssa dussumieri","dussumier's thryssa","CHN","yes","yes",0,"no","yes"
"thryssa kammalensis","red-nosed anchovy","CHN","yes","yes",0,"no","yes"
"thryssa mystax","mystic anchovy","CHN","yes","yes",0,"no","yes"
"thryssa vitrirostris","yellow-lipped anchovy","CHN","yes","yes",0,"no","yes"
"thunnus","tunas nei","ECU","yes","no",1,"yes","no"
"thunnus","tunas nei","ESP","yes","no",1,"yes","no"
"thunnus","tunas nei","PRT","yes","no",1,"yes","no"
"thunnus alalunga","albacore","ESP","yes","no",1,"yes","no"
"thunnus albacares","yellowfin tuna","ASM","yes","no",1,"yes","no"
"thunnus albacares","yellowfin tuna","AUS","yes","no",1,"yes","no"
"thunnus albacares","yellowfin tuna","CHL","yes","no",1,"yes","no"
"thunnus albacares","yellowfin tuna","CHN","yes","no",1,"yes","no"
"thunnus albacares","yellowfin tuna","COL","yes","no",1,"yes","no"
"thunnus albacares","yellowfin tuna","ECU","yes","no",0.977671451308044,"yes","yes"
"thunnus albacares","yellowfin tuna","ESP","yes","no",1,"yes","no"
"thunnus albacares","yellowfin tuna","FRA","yes","no",1,"yes","no"
"thunnus albacares","yellowfin tuna","GBR","yes","no",1,"yes","no"
"thunnus albacares","yellowfin tuna","IDN","yes","no",1,"yes","no"
"thunnus albacares","yellowfin tuna","IND","yes","no",1,"yes","no"
"thunnus albacares","yellowfin tuna","JPN","yes","no",1,"yes","no"
"thunnus albacares","yellowfin tuna","KOR","yes","no",1,"yes","no"
"thunnus albacares","yellowfin tuna","LKA","yes","no",1,"yes","no"
"thunnus albacares","yellowfin tuna","MEX","no","no",0.666666666666667,"yes","yes"
"thunnus albacares","yellowfin tuna","MUS","yes","no",1,"yes","no"
"thunnus albacares","yellowfin tuna","MYS","yes","no",1,"yes","no"
"thunnus albacares","yellowfin tuna","NIC","yes","no",1,"yes","no"
"thunnus albacares","yellowfin tuna","OMN","yes","no",0,"no","yes"
"thunnus albacares","yellowfin tuna","PAN","yes","no",1,"yes","no"
"thunnus albacares","yellowfin tuna","PER","yes","no",1,"yes","no"
"thunnus albacares","yellowfin tuna","PHL","yes","no",0.977671451308044,"yes","yes"
"thunnus albacares","yellowfin tuna","PNG","yes","no",1,"yes","no"
"thunnus albacares","yellowfin tuna","PRT","yes","no",1,"yes","no"
"thunnus albacares","yellowfin tuna","SLV","yes","no",1,"yes","no"
"thunnus albacares","yellowfin tuna","SYC","yes","no",1,"yes","no"
"thunnus albacares","yellowfin tuna","THA","yes","no",1,"yes","no"
"thunnus albacares","yellowfin tuna","TLS","yes","no",1,"yes","no"
"thunnus albacares","yellowfin tuna","TWN","yes","no",1,"yes","no"
"thunnus albacares","yellowfin tuna","USA","yes","no",1,"yes","no"
"thunnus albacares","yellowfin tuna","VEN","yes","no",1,"yes","no"
"thunnus albacares","yellowfin tuna","VNM","yes","no",1,"yes","no"
"thunnus albacares","yellowfin tuna","VUT","yes","no",1,"yes","no"
"thunnus albacares","yellowfin tuna","ZAF","yes","no",1,"yes","no"
"thunnus albacares","yellowfin tuna","unknown","yes","no",1,"yes","no"
"thunnus maccoyii","southern bluefin tuna","AUS","yes","no",1,"yes","no"
"thunnus maccoyii","southern bluefin tuna","IDN","yes","no",1,"yes","no"
"thunnus maccoyii","southern bluefin tuna","JPN","yes","no",1,"yes","no"
"thunnus maccoyii","southern bluefin tuna","KOR","yes","no",1,"yes","no"
"thunnus maccoyii","southern bluefin tuna","TWN","yes","no",1,"yes","no"
"thunnus obesus","bigeye tuna","AUS","yes","no",1,"yes","no"
"thunnus obesus","bigeye tuna","CHL","yes","no",1,"yes","no"
"thunnus obesus","bigeye tuna","CHN","yes","no",1,"yes","no"
"thunnus obesus","bigeye tuna","COL","yes","no",1,"yes","no"
"thunnus obesus","bigeye tuna","ECU","yes","no",1,"yes","no"
"thunnus obesus","bigeye tuna","ESP","yes","no",1,"yes","no"
"thunnus obesus","bigeye tuna","FRA","yes","no",1,"yes","no"
"thunnus obesus","bigeye tuna","IDN","yes","no",1,"yes","no"
"thunnus obesus","bigeye tuna","IND","yes","no",1,"yes","no"
"thunnus obesus","bigeye tuna","JPN","yes","no",1,"yes","no"
"thunnus obesus","bigeye tuna","KOR","yes","no",1,"yes","no"
"thunnus obesus","bigeye tuna","LKA","yes","no",1,"yes","no"
"thunnus obesus","bigeye tuna","MEX","yes","no",1,"yes","no"
"thunnus obesus","bigeye tuna","MYS","yes","no",1,"yes","no"
"thunnus obesus","bigeye tuna","NIC","yes","no",1,"yes","no"
"thunnus obesus","bigeye tuna","PAN","yes","no",1,"yes","no"
"thunnus obesus","bigeye tuna","PHL","yes","no",1,"yes","no"
"thunnus obesus","bigeye tuna","PRT","yes","no",1,"yes","no"
"thunnus obesus","bigeye tuna","SLV","yes","no",1,"yes","no"
"thunnus obesus","bigeye tuna","SYC","yes","no",1,"yes","no"
"thunnus obesus","bigeye tuna","THA","yes","no",1,"yes","no"
"thunnus obesus","bigeye tuna","TWN","yes","no",1,"yes","no"
"thunnus obesus","bigeye tuna","TZA","yes","no",1,"yes","no"
"thunnus obesus","bigeye tuna","USA","yes","no",1,"yes","no"
"thunnus obesus","bigeye tuna","VEN","yes","no",1,"yes","no"
"thunnus obesus","bigeye tuna","VUT","yes","no",1,"yes","no"
"thunnus obesus","bigeye tuna","unknown","yes","no",1,"yes","no"
"thunnus thynnus","atlantic bluefin tuna","unknown","yes","no",1,"yes","no"
"thunnus tonggol","longtail tuna","AUS","yes","no",1,"yes","no"
"thunnus tonggol","longtail tuna","IDN","yes","no",1,"yes","no"
"thunnus tonggol","longtail tuna","IND","yes","no",1,"yes","no"
"thunnus tonggol","longtail tuna","LKA","yes","no",1,"yes","no"
"thunnus tonggol","longtail tuna","MYS","yes","no",1,"yes","no"
"thunnus tonggol","longtail tuna","THA","yes","no",1,"yes","no"
"thunnus tonggol","longtail tuna","TWN","yes","no",1,"yes","no"
"trachinocephalus myops","bighead lizardfish","CHN","yes","yes",0,"no","yes"
"trachurus capensis","cape horse mackerel","ZAF","yes","no",0,"no","yes"
"trachurus japonicus","japanese jack mackerel","CHN","yes","no",0,"no","yes"
"trachurus japonicus","japanese jack mackerel","CHN","yes","yes",0,"no","yes"
"trachurus japonicus","japanese jack mackerel","JPN","yes","no",0,"no","yes"
"trachurus murphyi","chilean jack mackerel","CHL","yes","no",0.226133202950408,"yes","yes"
"trachurus murphyi","chilean jack mackerel","CHN","yes","no",0,"no","yes"
"trachurus murphyi","chilean jack mackerel","ECU","yes","no",1,"yes","no"
"trachurus murphyi","chilean jack mackerel","PER","yes","no",0.5,"yes","yes"
"trachurus symmetricus","pacific jack mackerel","CHL","yes","no",0.5,"yes","yes"
"trachurus symmetricus","pacific jack mackerel","ECU","yes","no",0,"no","yes"
"trachurus symmetricus","pacific jack mackerel","MEX","yes","no",0.485,"yes","yes"
"trachurus symmetricus","pacific jack mackerel","PER","yes","no",0,"no","yes"
"trachurus trachurus","atlantic horse mackerel"," JEY","yes","no",0.77,"yes","yes"
"trachurus trachurus","atlantic horse mackerel","BEL","yes","no",0.77,"yes","yes"
"trachurus trachurus","atlantic horse mackerel","DEU","yes","no",0.77,"yes","yes"
"trachurus trachurus","atlantic horse mackerel","DNK","yes","no",0.513333333333333,"yes","yes"
"trachurus trachurus","atlantic horse mackerel","ESP","yes","no",0.77,"yes","yes"
"trachurus trachurus","atlantic horse mackerel","FRA","yes","no",0.77,"yes","yes"
"trachurus trachurus","atlantic horse mackerel","FRO","yes","no",0.77,"yes","yes"
"trachurus trachurus","atlantic horse mackerel","GBR","yes","no",0.77,"yes","yes"
"trachurus trachurus","atlantic horse mackerel","GGY","yes","no",0.77,"yes","yes"
"trachurus trachurus","atlantic horse mackerel","IRL","yes","no",0.77,"yes","yes"
"trachurus trachurus","atlantic horse mackerel","LBR","yes","no",0.77,"yes","yes"
"trachurus trachurus","atlantic horse mackerel","LTU","yes","no",0.77,"yes","yes"
"trachurus trachurus","atlantic horse mackerel","NLD","yes","no",0.77,"yes","yes"
"trachurus trachurus","atlantic horse mackerel","NOR","yes","no",0.385,"yes","yes"
"trachurus trachurus","atlantic horse mackerel","POL","yes","no",0.77,"yes","yes"
"trachurus trachurus","atlantic horse mackerel","PRT","yes","no",0.77,"yes","yes"
"trachurus trachurus","atlantic horse mackerel","RUS","yes","no",0.77,"yes","yes"
"trachurus trachurus","atlantic horse mackerel","SWE","yes","no",0.77,"yes","yes"
"trachypenaeus curvirostris","eagle-clawed shrimp","CHN","yes","yes",0,"no","yes"
"trachyrhamphus serratus","rough-snouted seahorse","CHN","yes","yes",0,"no","yes"
"tresus keenae","gaper","CHN","yes","yes",0,"no","yes"
"trichiurus japonicus","japanese hairtail","CHN","yes","yes",0,"no","yes"
"trichiurus lepturus","largehead hairtail","CHN","yes","no",0,"no","yes"
"trichiurus lepturus","largehead hairtail","CHN","yes","yes",0,"no","yes"
"tridentiger barbatus","whiskered tridentiger","CHN","yes","yes",0,"no","yes"
"tridentiger trigonocephalus","patterned tridentiger","CHN","yes","yes",0,"no","yes"
"trisopterus esmarkii","norway pout","DNK","yes","no",0,"no","yes"
"trisopterus esmarkii","norway pout","FRO","yes","no",0,"no","yes"
"trisopterus esmarkii","norway pout","NOR","yes","no",0,"no","yes"
"trypauchen vagina","vagina goby","CHN","yes","yes",0,"no","yes"
"upeneus japonicus","japanese goatfish","CHN","yes","yes",0,"no","yes"
"upeneus subvittatus","band-striped goatfish","CHN","yes","yes",0,"no","yes"
"upeneus sulphureus","sulphur goatfish","CHN","yes","yes",0,"no","yes"
"uranoscopus chinensis","chinese stargazer","CHN","yes","yes",0,"no","yes"
"uranoscopus japonicus","japanese stargazer","CHN","yes","yes",0,"no","yes"
"uranoscopus oligolepis","few-scaled stargazer","CHN","yes","yes",0,"no","yes"
"xenocephalus elongatus","blue stargazer","CHN","yes","yes",0,"no","yes"
"xenocephalus elongatus","bluespotted stargazer","CHN","yes","yes",0,"no","yes"
"zebrias zebra","zebra sole","CHN","yes","yes",0,"no","yes"
"zeus faber","john dory","CHN","yes","yes",0,"no","yes"
